root	class	confidence	total_freq	V_count	P_count	C_count
achy	RARE	Low	1	0	1	0
k	R1	High	921	524	397	0
a	R3	Medium	4555	851	3704	0
at	RARE	Low	9	2	7	0
o	R3	Medium	3928	1190	2721	17
or	R3	Medium	255	30	225	0
cthre	RARE	Low	1	1	0	0
y	R3	Medium	1084	344	740	0
ol	R3	Medium	177	62	114	1
h	R1	High	166	146	20	0
ai	R3	Medium	1178	323	855	0
t	R3	Medium	377	52	325	0
ar	R3	Medium	255	16	239	0
cth	R1	High	318	299	19	0
yaii	RARE	Low	1	0	1	0
ek	R1	High	218	206	12	0
cthoar	RARE	Low	1	1	0	0
cthe	R1	High	29	27	1	1
oo	RARE	Low	5	1	4	0
ot	R2	Medium	1410	53	874	483
oteo	R3	Medium	54	1	53	0
cth?	RARE	Low	1	0	1	0
oka	R3	Medium	15	2	13	0
e	R1	High	4736	4363	360	13
cph	R1	High	70	68	2	0
cfh	R1	High	24	22	2	0
darais	RARE	Low	1	0	1	0
od	R3	Medium	339	88	251	0
cpho	R1	High	12	10	2	0
oyd	RARE	Low	2	0	2	0
s	R3	Medium	389	59	330	0
cfho	RARE	Low	2	2	0	0
odar	RARE	Low	3	0	3	0
sh	R1	High	382	222	158	2
okcho	R3	Medium	19	2	17	0
otch	R2	Medium	192	10	156	26
oct	R1	High	46	22	24	0
os	R3	Medium	50	13	37	0
d	R1	High	587	275	312	0
cphes	RARE	Low	1	1	0	0
cphodale	RARE	Low	1	1	0	0
oksho	RARE	Low	4	0	4	0
sho	R3	Medium	42	3	39	0
otairi	RARE	Low	1	0	1	0
ote	R3	Medium	236	8	228	0
ckh	R1	High	117	86	31	0
cp	R1	High	36	32	4	0
cphodaiil	RARE	Low	1	1	0	0
ok	R3	Medium	1512	203	1309	0
ct	R1	High	247	211	36	0
oda	RARE	Low	6	1	5	0
ch	R1	High	815	517	295	3
eo	R1	High	296	273	23	0
ydy	RARE	Low	3	0	3	0
aict	RARE	Low	1	0	1	0
to	R3	Medium	21	2	19	0
odsh	RARE	Low	4	2	2	0
cpheal	RARE	Low	1	1	0	0
as	RARE	Low	8	0	8	0
hyd	RARE	Low	1	1	0	0
okaii	RARE	Low	8	1	7	0
c	R1	High	155	92	63	0
cthol	RARE	Low	8	7	1	0
locta	RARE	Low	1	0	1	0
okch	R3	Medium	159	15	144	0
shodees	RARE	Low	1	1	0	0
yd	RARE	Low	7	1	6	0
oi	R3	Medium	43	3	40	0
o?o	RARE	Low	1	0	1	0
cthold	RARE	Low	1	1	0	0
??	RARE	Low	1	0	1	0
?eeo	RARE	Low	1	0	1	0
osh	R1	High	22	12	10	0
ad	RARE	Low	8	0	8	0
tch	R3	Medium	71	2	69	0
teea	RARE	Low	1	0	1	0
okod	RARE	Low	5	0	5	0
ho	R1	High	12	12	0	0
ksh	R1	High	16	11	5	0
okeo	R3	Medium	48	1	47	0
och	R1	High	59	27	32	0
oto	R3	Medium	36	3	33	0
olch	R1	High	54	32	22	0
odo	RARE	Low	3	2	1	0
qo	R3	Medium	143	28	115	0
oe	R3	Medium	25	3	22	0
olo	RARE	Low	9	3	6	0
otcho	R3	Medium	23	0	23	0
ydain	RARE	Low	1	0	1	0
pch	R1	High	57	37	20	0
hols	RARE	Low	1	1	0	0
orchor	RARE	Low	1	0	1	0
qot	R2	Medium	476	42	341	93
ain	R3	Medium	11	0	11	0
al	R3	Medium	288	49	239	0
otoch	RARE	Low	3	2	1	0
tol	RARE	Low	7	0	7	0
aiin	R3	Medium	16	1	15	0
ks	RARE	Low	6	4	2	0
aiil	RARE	Low	4	0	4	0
lssho	RARE	Low	1	0	1	0
aiir	R3	Medium	10	0	10	0
et	R1	High	90	75	15	0
yk	R1	High	37	15	22	0
qotcho	R3	Medium	16	0	16	0
oeee	R3	Medium	16	3	13	0
q	R2	Medium	421	3	199	219
ckho	RARE	Low	3	1	2	0
qote	R1	High	119	78	41	0
ee	R1	High	326	265	61	0
r	R3	Medium	138	9	129	0
okois	RARE	Low	1	0	1	0
sheo	R1	High	22	12	10	0
qop	R3	Medium	48	0	48	0
aim	RARE	Low	5	0	5	0
qotch	R1	High	95	43	48	4
qoche	RARE	Low	4	3	0	1
olol	RARE	Low	4	3	1	0
ctho	R1	High	38	36	2	0
qod	R3	Medium	81	4	77	0
amo	RARE	Low	7	0	7	0
she	R1	High	91	57	33	1
eold	RARE	Low	2	2	0	0
da	RARE	Low	5	1	4	0
che	R1	High	126	101	25	0
okad	RARE	Low	2	0	2	0
qoschod	RARE	Low	1	0	1	0
qodai	RARE	Low	6	0	6	0
sheoaro	RARE	Low	1	0	1	0
chs	RARE	Low	7	2	5	0
opor	RARE	Low	4	0	4	0
eks	RARE	Low	1	0	1	0
oleeg	RARE	Low	1	1	0	0
oeo	RARE	Low	5	1	4	0
te	R3	Medium	74	6	68	0
eeo	R1	High	108	86	22	0
cheoldo	RARE	Low	1	0	1	0
qopch	R3	Medium	76	0	76	0
opch	R3	Medium	133	8	125	0
otolo	RARE	Low	2	0	2	0
qoe	R1	High	38	37	1	0
qos	RARE	Low	5	1	4	0
okol	R3	Medium	28	2	26	0
qoto	R3	Medium	15	2	13	0
ko	R1	High	14	8	6	0
aii	R3	Medium	104	4	100	0
qotee	R1	High	23	22	0	1
yt	R3	Medium	23	5	18	0
oko	R3	Medium	51	4	47	0
eee	R1	High	33	23	10	0
eeyk	RARE	Low	1	1	0	0
okai	R3	Medium	32	1	31	0
odal	R3	Medium	13	5	8	0
eke	R1	High	14	14	0	0
tchee	RARE	Low	1	0	1	0
oke	R3	Medium	319	25	294	0
cthodoal	RARE	Low	1	1	0	0
okar	R3	Medium	28	1	27	0
ockho	RARE	Low	1	0	1	0
odai	R3	Medium	17	2	15	0
pa	RARE	Low	1	0	1	0
chea	RARE	Low	3	3	0	0
cphol	RARE	Low	2	2	0	0
ysh	RARE	Low	3	1	2	0
ey	RARE	Low	8	7	1	0
choo	RARE	Low	1	0	1	0
op	R3	Medium	90	13	77	0
old	R3	Medium	15	4	11	0
lo	RARE	Low	4	0	4	0
kch	R1	High	101	80	20	1
eor	RARE	Low	9	8	1	0
qoct	RARE	Low	8	0	8	0
cto	RARE	Low	7	7	0	0
tcho	RARE	Low	8	0	8	0
cphy	RARE	Low	1	1	0	0
ae	RARE	Low	2	0	2	0
cthor	RARE	Low	4	3	1	0
qooko	RARE	Low	1	1	0	0
iiincheo	RARE	Low	1	1	0	0
cho	R3	Medium	54	17	37	0
oka?	RARE	Low	1	0	1	0
ota	R3	Medium	11	0	11	0
oteee	RARE	Low	8	2	6	0
qotcheo	RARE	Low	4	4	0	0
qoyke	RARE	Low	1	1	0	0
ots	R3	Medium	10	2	8	0
oche	RARE	Low	7	3	4	0
toi	RARE	Low	1	0	1	0
opordg	RARE	Low	1	1	0	0
arch	RARE	Low	7	1	6	0
okee	R3	Medium	95	6	89	0
airodg	RARE	Low	1	0	1	0
ck	R1	High	212	146	66	0
otol	R3	Medium	33	3	29	1
oee	R3	Medium	35	12	22	1
eoee	RARE	Low	3	2	1	0
ke	R1	High	221	203	18	0
tal	R3	Medium	10	2	8	0
kaiiod	RARE	Low	1	0	1	0
ctheo	RARE	Low	5	3	2	0
ods	RARE	Low	1	1	0	0
cha	RARE	Low	2	0	2	0
qocth	R1	High	13	8	5	0
oheek	RARE	Low	1	1	0	0
ap	RARE	Low	3	2	1	0
qoekch	RARE	Low	1	1	0	0
ea	R1	High	11	8	3	0
qoai	RARE	Low	5	0	5	0
oochock	RARE	Low	1	0	1	0
ekcho	RARE	Low	1	0	1	0
ycho	RARE	Low	1	1	0	0
cs	R1	High	14	9	5	0
oldo	RARE	Low	1	0	1	0
octh	R3	Medium	39	9	30	0
oeeo	RARE	Low	8	1	7	0
chal	RARE	Low	2	0	2	0
ock	R1	High	46	22	24	0
cthod	RARE	Low	9	7	2	0
ochol	RARE	Low	2	0	2	0
chod	R3	Medium	26	1	25	0
qko	RARE	Low	3	0	3	0
qoo	RARE	Low	5	0	5	0
oro	R3	Medium	18	3	15	0
oeeee	RARE	Low	1	0	1	0
eod	R1	High	76	56	20	0
oaii	RARE	Low	6	1	5	0
sholoch	RARE	Low	1	0	1	0
qotoee	RARE	Low	1	0	1	0
kol	RARE	Low	8	8	0	0
eeees	RARE	Low	1	0	1	0
olys	RARE	Low	1	0	1	0
otsh	R1	High	32	22	10	0
shod	RARE	Low	8	1	7	0
oksholsh	RARE	Low	1	0	1	0
okshodeee	RARE	Low	1	0	1	0
qoteeeo	RARE	Low	1	0	1	0
cfhod	RARE	Low	1	1	0	0
cht	RARE	Low	2	1	1	0
eal	RARE	Low	9	7	2	0
ese	RARE	Low	2	1	1	0
of	R3	Medium	29	5	24	0
oltol	RARE	Low	1	0	1	0
oa	RARE	Low	1	1	0	0
ocho	RARE	Low	7	0	7	0
choep	RARE	Low	1	0	1	0
ofch	R1	High	27	15	12	0
eeoda	RARE	Low	1	0	1	0
eoct	R1	High	10	7	3	0
oksheo	RARE	Low	1	0	1	0
air	R3	Medium	51	4	47	0
otar	R3	Medium	25	0	25	0
qochod	RARE	Low	1	0	1	0
otok	RARE	Low	6	0	6	0
okokchod	RARE	Low	1	0	1	0
ofy	RARE	Low	3	0	3	0
etod	RARE	Low	1	0	1	0
aiiir	RARE	Low	1	0	1	0
cthaich	RARE	Low	1	1	0	0
l	R3	Medium	170	50	120	0
chealch	RARE	Low	1	1	0	0
aik	RARE	Low	9	0	9	0
okes	RARE	Low	7	1	6	0
ooct	RARE	Low	1	0	1	0
opche	R3	Medium	23	0	23	0
opyd	RARE	Low	3	0	3	0
ctha	RARE	Low	3	2	1	0
orch	R1	High	22	16	6	0
char	RARE	Low	2	0	2	0
oees	RARE	Low	3	1	2	0
cpharo	RARE	Low	1	1	0	0
eeot	RARE	Low	1	1	0	0
eok	R1	High	58	55	3	0
otor	R3	Medium	10	1	9	0
eek	R1	High	66	62	4	0
ydlo	RARE	Low	1	0	1	0
oyk	RARE	Low	1	0	1	0
oeok	RARE	Low	2	1	1	0
ayt	RARE	Low	1	0	1	0
shol	RARE	Low	4	0	4	0
cthy	RARE	Low	3	2	1	0
cfhodor	RARE	Low	1	0	1	0
octo	RARE	Low	1	0	1	0
odyk	RARE	Low	1	0	1	0
tcha	RARE	Low	2	0	2	0
qopchypcho	RARE	Low	1	0	1	0
qof	RARE	Low	7	0	7	0
p	R3	Medium	40	11	29	0
cfhol	RARE	Low	1	0	1	0
qoch	R1	High	14	8	6	0
oky	RARE	Low	8	1	7	0
choct	RARE	Low	4	0	4	0
otytch	RARE	Low	1	0	1	0
ety	RARE	Low	1	0	1	0
oii	R3	Medium	19	1	18	0
qocthol	RARE	Low	1	0	1	0
oykch	RARE	Low	1	0	1	0
oqot	RARE	Low	2	0	2	0
cf	RARE	Low	9	8	1	0
oty	RARE	Low	8	1	7	0
qotchyt	RARE	Low	1	0	1	0
chyk	RARE	Low	3	1	2	0
ckha	RARE	Low	1	0	1	0
fyd	RARE	Low	1	0	1	0
oyt	RARE	Low	4	0	4	0
tchok	RARE	Low	1	0	1	0
ky	RARE	Low	2	2	0	0
oldch	RARE	Low	1	0	1	0
olole	RARE	Low	1	0	1	0
oy	RARE	Low	3	0	3	0
arg	RARE	Low	2	0	2	0
chol	R3	Medium	12	0	12	0
orsh	RARE	Low	2	0	2	0
yp	RARE	Low	2	1	1	0
m	R3	Medium	18	1	17	0
ts	RARE	Low	6	1	5	0
orodo	RARE	Low	1	0	1	0
cck	RARE	Low	1	0	1	0
okoror	RARE	Low	1	0	1	0
oai	RARE	Low	5	0	5	0
octho	RARE	Low	4	0	4	0
oks	R3	Medium	15	1	14	0
qock	R3	Medium	21	0	21	0
qoty	RARE	Low	3	0	3	0
airo	RARE	Low	9	0	9	0
chor	RARE	Low	4	0	4	0
okal	R3	Medium	66	3	63	0
chto	RARE	Low	1	0	1	0
ochkch	RARE	Low	1	0	1	0
ala	RARE	Low	2	0	2	0
qotolo	RARE	Low	1	0	1	0
odalg	RARE	Low	2	2	0	0
dycho	RARE	Low	1	1	0	0
fod	RARE	Low	1	0	1	0
otys	RARE	Low	1	0	1	0
kyk	RARE	Low	2	2	0	0
ty	RARE	Low	4	0	4	0
oksh	R3	Medium	26	3	23	0
yotyd	RARE	Low	1	0	1	0
n	RARE	Low	5	0	5	0
oyks	RARE	Low	1	0	1	0
ody	RARE	Low	5	0	5	0
ctholdg	RARE	Low	1	0	1	0
olchd	RARE	Low	3	0	3	0
oros	RARE	Low	1	1	0	0
oldak	RARE	Low	2	0	2	0
ors	RARE	Low	2	0	2	0
co	RARE	Low	4	2	2	0
otcholocth	RARE	Low	1	0	1	0
otl	RARE	Low	4	0	4	0
oeesor	RARE	Low	1	0	1	0
kai	R3	Medium	25	9	16	0
aino	RARE	Low	3	0	3	0
ealo	RARE	Low	1	0	1	0
eeeo	RARE	Low	7	3	4	0
alyd	RARE	Low	1	0	1	0
pchocf	RARE	Low	1	0	1	0
otyok	RARE	Low	1	1	0	0
ychok	RARE	Low	1	0	1	0
choky	RARE	Low	1	0	1	0
chr	RARE	Low	1	0	1	0
chocth	RARE	Low	3	1	2	0
oshe	RARE	Low	4	2	2	0
airi	RARE	Low	4	0	4	0
okyt	RARE	Low	1	0	1	0
oaor	RARE	Low	1	0	1	0
darcho	RARE	Low	1	0	1	0
opy	RARE	Low	4	0	4	0
po	RARE	Low	1	0	1	0
dck	RARE	Low	1	0	1	0
dai	R3	Medium	10	3	7	0
qodct	RARE	Low	1	0	1	0
opydg	RARE	Low	1	0	1	0
pai	RARE	Low	6	0	6	0
cphal	RARE	Low	1	0	1	0
qofcho	RARE	Low	1	0	1	0
ekeg	RARE	Low	1	0	1	0
olds	RARE	Low	2	0	2	0
zep	RARE	Low	1	0	1	0
sa	RARE	Low	2	1	1	0
opchor	RARE	Low	1	0	1	0
yche	RARE	Low	1	0	1	0
ypch	RARE	Low	4	3	1	0
ockh	R1	High	42	30	12	0
oek	R1	High	19	8	11	0
olt	RARE	Low	5	5	0	0
oiir	RARE	Low	1	0	1	0
cheo	R1	High	37	29	8	0
okche	RARE	Low	8	0	8	0
otcheolo	RARE	Low	1	0	1	0
ect	R1	High	49	49	0	0
cphe	R1	High	10	10	0	0
drair	RARE	Low	1	0	1	0
arodsf	RARE	Low	1	0	1	0
i	RARE	Low	6	0	6	0
g	R3	Medium	20	1	19	0
ykal	RARE	Low	2	1	1	0
ekh	RARE	Low	1	1	0	0
otchd	RARE	Low	5	0	5	0
tdg	RARE	Low	1	0	1	0
qoeee	RARE	Low	3	3	0	0
kcho	R1	High	11	9	2	0
ka	R3	Medium	11	3	8	0
qots	RARE	Low	6	0	6	0
osche	RARE	Low	1	1	0	0
otyt	RARE	Low	3	0	3	0
ak	R3	Medium	15	3	12	0
qol	R3	Medium	23	0	23	0
osocth	RARE	Low	1	0	1	0
pcheo	RARE	Low	3	3	0	0
aro	R3	Medium	17	0	17	0
okcha	RARE	Low	2	0	2	0
okchods	RARE	Low	1	0	1	0
otcholche	RARE	Low	1	0	1	0
dch	RARE	Low	5	4	1	0
odaii	RARE	Low	6	0	6	0
cheod	R1	High	14	13	1	0
otolch	RARE	Low	3	0	3	0
ocholsho	RARE	Low	1	0	1	0
chodee	RARE	Low	1	1	0	0
qocp	RARE	Low	2	0	2	0
qotsh	R1	High	10	6	4	0
ofoch	RARE	Low	1	1	0	0
eock	R1	High	13	12	1	0
oral	RARE	Low	8	1	7	0
oeeock	RARE	Low	1	0	1	0
ofych	RARE	Low	1	1	0	0
qopche	RARE	Low	8	0	8	0
chofy	RARE	Low	1	1	0	0
otolosh	RARE	Low	1	1	0	0
olchor	RARE	Low	1	0	1	0
qotche	R1	High	15	15	0	0
olyk	RARE	Low	1	0	1	0
choks	RARE	Low	1	1	0	0
ocph	R1	High	10	5	5	0
opchea	RARE	Low	1	0	1	0
otyk	RARE	Low	3	0	3	0
keea	RARE	Low	1	0	1	0
qofsh	RARE	Low	2	1	1	0
hol	RARE	Low	2	2	0	0
oeeeso	RARE	Low	1	0	1	0
eeee	RARE	Low	1	0	1	0
osho	RARE	Low	1	0	1	0
ocp	RARE	Low	6	3	3	0
hydo	RARE	Low	1	1	0	0
ctholo	RARE	Low	1	0	1	0
cthee	RARE	Low	2	1	1	0
dol	RARE	Low	3	1	2	0
oraiino	RARE	Low	1	0	1	0
odch	RARE	Low	6	0	6	0
kalok	RARE	Low	1	0	1	0
ysaiin	RARE	Low	1	0	1	0
tchy	RARE	Low	1	0	1	0
otchyk	RARE	Low	1	0	1	0
kche	RARE	Low	8	7	1	0
shl	RARE	Low	1	0	1	0
aldal	RARE	Low	1	0	1	0
ydchdo	RARE	Low	1	1	0	0
f	R3	Medium	28	1	27	0
kd	RARE	Low	1	1	0	0
aing	RARE	Low	1	0	1	0
kaii	RARE	Low	6	3	3	0
fch	R1	High	19	13	6	0
otchal	RARE	Low	1	0	1	0
aiid	RARE	Low	2	0	2	0
dal	R1	High	14	9	5	0
alg	RARE	Low	4	1	3	0
ii	R3	Medium	11	2	9	0
teai	RARE	Low	1	0	1	0
kyka	RARE	Low	1	0	1	0
alor	RARE	Low	3	0	3	0
odair	RARE	Low	1	0	1	0
odaiiil	RARE	Low	1	0	1	0
oal	RARE	Low	2	0	2	0
qoteot	RARE	Low	1	0	0	1
okchaf	RARE	Low	1	0	1	0
qotchol	RARE	Low	1	0	1	0
oaldar	RARE	Low	1	0	1	0
lg	RARE	Low	1	0	1	0
eeeol	RARE	Low	1	0	1	0
oror	RARE	Low	5	0	5	0
okaiikh	RARE	Low	1	0	1	0
ckhal	RARE	Low	1	1	0	0
cthckeo	RARE	Low	1	1	0	0
oeeeo	RARE	Low	3	0	3	0
ete	RARE	Low	5	4	1	0
qek	R3	Medium	13	2	11	0
qodaiik	RARE	Low	1	0	1	0
q?	RARE	Low	1	0	1	0
eoiee	RARE	Low	1	1	0	0
ockhoee	RARE	Low	1	0	1	0
otaip	RARE	Low	2	0	2	0
amchorl	RARE	Low	1	0	1	0
ocfhhg	RARE	Low	1	1	0	0
opo	RARE	Low	5	1	4	0
opsh	RARE	Low	6	0	6	0
ocphor	RARE	Low	1	0	1	0
okoko	RARE	Low	1	0	1	0
otaii	RARE	Low	4	0	4	0
odchee	RARE	Low	1	1	0	0
oesearee	RARE	Low	1	0	1	0
cfaras	RARE	Low	1	1	0	0
ochk	RARE	Low	1	0	1	0
okoeo	RARE	Low	1	0	1	0
heo	RARE	Low	7	7	0	0
qodo	RARE	Low	2	0	2	0
okokch	RARE	Low	1	0	1	0
otolod	RARE	Low	1	0	1	0
eekd	RARE	Low	1	1	0	0
rk	RARE	Low	1	1	0	0
eesee	RARE	Low	1	1	0	0
ei	RARE	Low	2	1	1	0
otos	RARE	Low	3	0	3	0
qofch	R1	High	16	9	7	0
orcho	RARE	Low	1	0	1	0
aiit	RARE	Low	1	0	1	0
he	R1	High	16	16	0	0
eeaii	RARE	Low	1	0	1	0
oso	RARE	Low	2	0	2	0
sheok	RARE	Low	1	0	1	0
ofseo	RARE	Low	1	0	1	0
ofochcph	RARE	Low	1	1	0	0
adee	RARE	Low	1	0	1	0
kecth	RARE	Low	1	0	1	0
ecth	R1	High	13	11	2	0
eteeda	RARE	Low	1	0	1	0
pchsed	RARE	Low	1	0	1	0
apchedyf	RARE	Low	1	1	0	0
alch	R3	Medium	40	15	25	0
qoteed	RARE	Low	5	5	0	0
ge	RARE	Low	1	0	1	0
kee	R1	High	93	89	4	0
es	R1	High	19	11	8	0
ched	R1	High	44	40	4	0
qodar	RARE	Low	1	0	1	0
o?i	RARE	Low	1	0	1	0
cheet	RARE	Low	3	2	1	0
araii	RARE	Low	1	0	1	0
aly	RARE	Low	2	0	2	0
chd	R3	Medium	29	2	27	0
ckhe	RARE	Low	5	3	2	0
oked	R3	Medium	26	0	26	0
eoe	RARE	Low	1	1	0	0
okeeo	R3	Medium	27	1	26	0
odypsh	RARE	Low	1	0	1	0
for	RARE	Low	1	0	1	0
cphar	RARE	Low	1	0	1	0
okchod	RARE	Low	2	0	2	0
ochof	RARE	Low	1	0	1	0
ofchor	RARE	Low	1	0	1	0
etche	RARE	Low	1	1	0	0
oeeees	RARE	Low	1	0	1	0
keeo	R1	High	27	26	1	0
rr	RARE	Low	1	0	1	0
schsa	RARE	Low	1	0	1	0
okshe	RARE	Low	2	0	2	0
okchoks	RARE	Low	1	0	1	0
yqo	RARE	Low	1	1	0	0
ako	RARE	Low	1	1	0	0
otchol	RARE	Low	1	0	1	0
oschotsh	RARE	Low	1	0	1	0
qooi	RARE	Low	1	0	1	0
choi	RARE	Low	1	0	1	0
ep	R1	High	31	27	4	0
kchol	RARE	Low	1	1	0	0
eect	RARE	Low	1	1	0	0
oet	RARE	Low	6	4	2	0
qekeoch	RARE	Low	1	0	1	0
okches	RARE	Low	2	0	2	0
eeod	R1	High	20	11	9	0
see	RARE	Low	1	1	0	0
kchea	RARE	Low	1	0	1	0
cthscth	RARE	Low	1	1	0	0
toit	RARE	Low	1	1	0	0
eck	R1	High	84	83	1	0
eol	R1	High	33	29	4	0
oys	RARE	Low	1	0	1	0
otche	R3	Medium	13	0	13	0
eed	R1	High	46	34	12	0
eefc	RARE	Low	1	1	0	0
epakeo	RARE	Low	1	1	0	0
qef	RARE	Low	1	0	1	0
?	RARE	Low	5	0	5	0
shoke	RARE	Low	1	1	0	0
keed	R1	High	14	11	3	0
eckh	R1	High	29	29	0	0
so	RARE	Low	3	2	1	0
edsh	RARE	Low	1	1	0	0
ed	R1	High	230	206	24	0
qoek	R1	High	10	9	1	0
shedai	RARE	Low	1	0	1	0
aiict	RARE	Low	1	0	1	0
qotolcheo	RARE	Low	2	2	0	0
kar	RARE	Low	3	2	1	0
keo	R1	High	11	9	2	0
chee	R1	High	19	13	6	0
eeecf	RARE	Low	1	1	0	0
efch	RARE	Low	6	5	1	0
eef	RARE	Low	5	5	0	0
teed	RARE	Low	2	0	2	0
okechoke	RARE	Low	1	0	1	0
teche	RARE	Low	2	1	1	0
eoek	RARE	Low	5	5	0	0
acth	RARE	Low	2	1	1	0
etch	RARE	Low	5	4	1	0
yke	RARE	Low	7	3	4	0
tsho	RARE	Low	3	0	3	0
odd	RARE	Low	1	1	0	0
ytch	RARE	Low	2	0	2	0
aiio	RARE	Low	1	0	1	0
org	RARE	Low	2	0	2	0
otshch	RARE	Low	1	0	1	0
shd	R3	Medium	15	2	13	0
epch	R1	High	11	11	0	0
fol	RARE	Low	3	0	3	0
qofockh	RARE	Low	1	0	1	0
otard	RARE	Low	1	0	1	0
echd	RARE	Low	1	1	0	0
alai	RARE	Low	3	0	3	0
qak	RARE	Low	1	0	1	0
chedy	RARE	Low	2	2	0	0
om	RARE	Low	3	0	3	0
dysh	RARE	Low	1	1	0	0
cheoep	RARE	Low	1	0	1	0
octhed	RARE	Low	1	0	1	0
amg	RARE	Low	2	0	2	0
kcheg	RARE	Low	1	0	1	0
sai	RARE	Low	3	1	2	0
orlch	RARE	Low	1	0	1	0
chck	RARE	Low	3	0	3	0
efala	RARE	Low	1	1	0	0
ald	R3	Medium	22	1	21	0
cthdal	RARE	Low	1	0	1	0
ech	R1	High	25	12	13	0
eolchct	RARE	Low	1	0	1	0
sch	RARE	Low	2	0	2	0
ef	R1	High	10	9	1	0
dy	RARE	Low	3	0	3	0
dalch	RARE	Low	1	1	0	0
ych	RARE	Low	4	2	2	0
edai	RARE	Low	9	4	5	0
qold	RARE	Low	1	0	1	0
shaii	RARE	Low	1	0	1	0
orai	R3	Medium	11	0	11	0
ekal	RARE	Low	2	0	2	0
olk	R1	High	58	31	27	0
pchd	RARE	Low	3	0	3	0
cthoo	RARE	Low	1	1	0	0
kcheea	RARE	Low	1	1	0	0
qotchee	RARE	Low	1	1	0	0
kal	R1	High	18	10	8	0
chok	RARE	Low	6	2	4	0
chafda	RARE	Low	1	0	1	0
qor	RARE	Low	6	0	6	0
qool	RARE	Low	1	0	1	0
ols	RARE	Low	7	4	3	0
qoypch	RARE	Low	1	0	1	0
ytaro	RARE	Low	1	1	0	0
toror	RARE	Low	1	0	1	0
todal	RARE	Low	1	0	1	0
otaro	RARE	Low	1	0	1	0
charas	RARE	Low	1	0	1	0
qoforo	RARE	Low	1	0	1	0
cphch	RARE	Low	1	1	0	0
kcholqo	RARE	Low	1	1	0	0
tory	RARE	Low	1	0	1	0
qotom	RARE	Low	1	0	1	0
okchoch	RARE	Low	1	0	1	0
qotol	RARE	Low	5	0	5	0
opd	RARE	Low	4	1	3	0
oscho	RARE	Low	1	0	1	0
ytor	RARE	Low	1	0	1	0
otoi	RARE	Low	2	0	2	0
cphorod	RARE	Low	1	1	0	0
keeol	RARE	Low	4	2	2	0
ocka	RARE	Low	1	1	0	0
oshctho	RARE	Low	1	0	1	0
okok	RARE	Low	1	1	0	0
okchop	RARE	Low	1	0	1	0
otee	R3	Medium	55	2	53	0
edo	RARE	Low	5	3	2	0
cphhof	RARE	Low	1	1	0	0
eep	RARE	Low	2	2	0	0
eksh	RARE	Low	3	2	1	0
cks	RARE	Low	1	1	0	0
oh	RARE	Low	4	2	2	0
ckhd	RARE	Low	1	0	1	0
okalcheg	RARE	Low	1	0	1	0
opchek	RARE	Low	1	0	1	0
dalo	RARE	Low	1	0	1	0
eees	RARE	Low	3	3	0	0
keol	RARE	Low	5	4	1	0
qockh	R1	High	38	26	12	0
eolk	RARE	Low	8	8	0	0
qolk	R4	Low	20	8	12	0
ofcheef	RARE	Low	1	0	1	0
dyk	RARE	Low	1	0	1	0
eykai	RARE	Low	1	1	0	0
ked	R1	High	14	8	6	0
okaiifch	RARE	Low	1	0	1	0
tod	RARE	Low	5	1	4	0
tedyk	RARE	Low	1	0	1	0
orqo	RARE	Low	1	0	1	0
hcfh	RARE	Low	1	0	1	0
chef	RARE	Low	1	0	1	0
aiiin	RARE	Low	2	0	2	0
aldy	RARE	Low	1	0	1	0
ord	RARE	Low	2	0	2	0
aralo	RARE	Low	1	0	1	0
qoee	R1	High	17	16	1	0
chk	RARE	Low	3	2	1	0
ait	RARE	Low	9	0	9	0
ofai	RARE	Low	2	0	2	0
edal	RARE	Low	6	4	2	0
ekch	RARE	Low	6	2	4	0
opshe	RARE	Low	2	0	2	0
kake	RARE	Low	1	1	0	0
alsh	R1	High	15	7	8	0
esh	R4	Low	10	4	6	0
tcheek	RARE	Low	1	0	1	0
pchedp	RARE	Low	1	1	0	0
qekch	RARE	Low	3	0	3	0
eg	RARE	Low	4	4	0	0
eerod	RARE	Low	1	0	1	0
qofcheep	RARE	Low	1	0	1	0
cfhekch	RARE	Low	1	0	1	0
epchef	RARE	Low	1	1	0	0
oteod	R3	Medium	24	0	24	0
cthachct	RARE	Low	1	1	0	0
tsh	RARE	Low	7	6	1	0
otai	R3	Medium	31	2	29	0
kchor	RARE	Low	1	1	0	0
olschee	RARE	Low	1	0	1	0
qocho	RARE	Low	2	0	2	0
eta	RARE	Low	2	1	1	0
okeoke	RARE	Low	1	0	1	0
eotch	RARE	Low	3	1	1	1
ekeess	RARE	Low	1	1	0	0
cpheo	RARE	Low	3	2	1	0
etsee	RARE	Low	1	0	1	0
arod	RARE	Low	3	0	3	0
ofcht	RARE	Low	1	0	1	0
tch?	RARE	Low	2	0	2	0
ekalch	RARE	Low	2	2	0	0
qotal	RARE	Low	9	1	8	0
eolkeep	RARE	Low	1	0	1	0
shes	RARE	Low	2	2	0	0
yty	RARE	Low	1	0	1	0
qoi	RARE	Low	5	0	5	0
eeek	RARE	Low	2	2	0	0
qockhh	RARE	Low	1	0	1	0
eh	RARE	Low	1	1	0	0
okeh	RARE	Low	1	0	1	0
qosheckh	RARE	Low	1	1	0	0
ode	RARE	Low	8	2	6	0
qeoke	RARE	Low	2	1	1	0
ckhh	RARE	Low	2	0	2	0
dsair	RARE	Low	1	0	1	0
alteos	RARE	Low	1	0	1	0
otedyo	RARE	Low	1	0	1	0
esck	RARE	Low	1	1	0	0
oted	R3	Medium	29	0	29	0
olkch	RARE	Low	3	2	1	0
oyke	RARE	Low	1	0	1	0
etcheodch	RARE	Low	1	1	0	0
eet	R4	Low	22	21	1	0
am	RARE	Low	5	1	4	0
ykeed	RARE	Low	1	0	1	0
oteoro	RARE	Low	1	0	1	0
shodp	RARE	Low	1	0	1	0
oracp	RARE	Low	1	0	1	0
pshol	RARE	Low	1	0	1	0
ds	RARE	Low	1	0	1	0
yeee	RARE	Low	1	0	1	0
qykch	RARE	Low	1	1	0	0
ekok	RARE	Low	1	1	0	0
otota	RARE	Low	1	0	1	0
ysho	RARE	Low	1	0	1	0
ocheek	RARE	Low	1	1	0	0
oir	RARE	Low	3	0	3	0
okalo	RARE	Low	2	1	1	0
opcho	RARE	Low	5	1	4	0
toda	RARE	Low	1	0	1	0
ykyd	RARE	Low	1	0	1	0
olsho	RARE	Low	2	0	2	0
opchal	RARE	Low	2	0	2	0
otyd	RARE	Low	2	0	2	0
alda	RARE	Low	1	0	1	0
orar	RARE	Low	7	0	7	0
sholo	RARE	Low	1	0	1	0
chtcho	RARE	Low	1	0	1	0
cheocp	RARE	Low	1	1	0	0
epchx	RARE	Low	1	1	0	0
fchek	RARE	Low	1	1	0	0
eeol	RARE	Low	6	3	3	0
eoteol	RARE	Low	1	1	0	0
ekshee	RARE	Low	1	1	0	0
x	R3	Medium	18	1	17	0
alshedo	RARE	Low	1	0	1	0
shed	RARE	Low	9	8	1	0
alocth	RARE	Low	1	0	1	0
qotsheo	RARE	Low	2	2	0	0
eedo	RARE	Low	3	3	0	0
yfch	RARE	Low	1	0	1	0
ard	RARE	Low	2	0	2	0
alol	R3	Medium	11	4	7	0
chdai	RARE	Low	4	0	4	0
epd	RARE	Low	1	1	0	0
oifh	RARE	Low	1	1	0	0
opdarsh	RARE	Low	1	0	1	0
ayfch	RARE	Low	1	1	0	0
arak	RARE	Low	1	0	1	0
otshealk	RARE	Low	1	1	0	0
olks	RARE	Low	1	0	1	0
oepch	RARE	Low	2	0	2	0
ochs	RARE	Low	1	0	1	0
tas	RARE	Low	3	0	3	0
okalsh	RARE	Low	2	0	2	0
ckhef	RARE	Low	1	0	1	0
aiirch	RARE	Low	1	0	1	0
okeedchs	RARE	Low	1	0	1	0
eted	RARE	Low	1	1	0	0
aick	RARE	Low	1	0	1	0
olsh	R1	High	15	11	4	0
ocpheo	RARE	Low	2	1	1	0
chai	RARE	Low	1	0	1	0
okolg	RARE	Low	1	0	1	0
ches	RARE	Low	2	1	1	0
tchyf	RARE	Low	1	1	0	0
eot	R1	High	12	8	2	2
qotcheea	RARE	Low	1	1	0	0
ees	R1	High	10	7	3	0
dlct	RARE	Low	1	0	1	0
otal	R3	Medium	51	1	50	0
ctch	RARE	Low	1	0	1	0
eoke	RARE	Low	7	7	0	0
opal	RARE	Low	9	0	9	0
tee	R3	Medium	17	2	15	0
echodsh	RARE	Low	1	0	1	0
qoteo	RARE	Low	7	0	7	0
opchet	RARE	Low	1	0	1	0
olke	R1	High	18	16	2	0
ctheet	RARE	Low	1	1	0	0
alm	RARE	Low	1	0	1	0
otolche	RARE	Low	1	1	0	0
keeod	RARE	Low	4	4	0	0
oteol	RARE	Low	7	1	6	0
alk	R3	Medium	51	7	44	0
edyt	RARE	Low	2	2	0	0
oolk	RARE	Low	1	1	0	0
efee	RARE	Low	1	0	1	0
cphheg	RARE	Low	1	1	0	0
tched	RARE	Low	1	0	1	0
eedl	RARE	Low	2	1	1	0
orpch	RARE	Low	1	0	1	0
ork	RARE	Low	3	0	3	0
qota	RARE	Low	5	0	5	0
qols	RARE	Low	3	3	0	0
oqok	RARE	Low	6	2	4	0
osor	RARE	Low	2	1	1	0
eolch	RARE	Low	4	3	1	0
cphokch	RARE	Low	1	1	0	0
qoteee	RARE	Low	2	2	0	0
sheod	RARE	Low	9	6	3	0
ochok	RARE	Low	1	1	0	0
choch	RARE	Low	1	0	1	0
opcheod	RARE	Low	1	0	1	0
okchok	RARE	Low	1	0	1	0
chotch	RARE	Low	2	0	2	0
okeeod	RARE	Low	5	0	5	0
otchod	RARE	Low	4	0	4	0
og	RARE	Low	2	0	2	0
eokche	RARE	Low	1	0	1	0
shar	RARE	Low	1	0	1	0
etcho	RARE	Low	1	1	0	0
chsees	RARE	Low	1	0	1	0
okeeok	RARE	Low	2	0	2	0
okora	RARE	Low	1	1	0	0
kchokeo	RARE	Low	1	0	1	0
qopeeed	RARE	Low	1	0	1	0
orsheck	RARE	Low	1	1	0	0
se	RARE	Low	5	1	4	0
el	RARE	Low	2	2	0	0
aip	RARE	Low	2	0	2	0
orolk	RARE	Low	1	0	1	0
aldalos	RARE	Low	1	0	1	0
opalk	RARE	Low	5	0	5	0
ario	RARE	Low	1	0	1	0
chek	RARE	Low	5	4	1	0
okedy	RARE	Low	1	0	1	0
ais	RARE	Low	4	0	4	0
tsheo	RARE	Low	1	0	1	0
chold	RARE	Low	1	0	1	0
heod	RARE	Low	1	1	0	0
qchod	RARE	Low	1	0	1	0
qoet	RARE	Low	5	5	0	0
olot	RARE	Low	1	0	1	0
k?e	RARE	Low	1	0	1	0
cpheod	RARE	Low	3	2	1	0
aiiit	RARE	Low	1	0	1	0
aiiid	RARE	Low	1	0	1	0
cphod	RARE	Low	3	0	3	0
okog	RARE	Low	1	1	0	0
kh	RARE	Low	4	3	1	0
ochock	RARE	Low	1	0	1	0
dokchcf	RARE	Low	1	0	1	0
cphko	RARE	Low	1	1	0	0
tai	RARE	Low	5	1	4	0
qofyd	RARE	Low	1	0	1	0
chotsh	RARE	Low	1	0	1	0
tchd	RARE	Low	1	0	1	0
otchor	RARE	Low	1	0	1	0
qockho	RARE	Low	4	0	4	0
cthodaii	RARE	Low	1	1	0	0
esech	RARE	Low	1	0	1	0
qotod	RARE	Low	2	0	2	0
chos	RARE	Low	2	1	1	0
tchod	RARE	Low	1	0	1	0
keod	RARE	Low	6	6	0	0
oqo	RARE	Low	2	0	2	0
oytoy	RARE	Low	1	0	1	0
ctheee	RARE	Low	1	0	1	0
qodck	RARE	Low	1	1	0	0
ochoik	RARE	Low	1	0	1	0
qotea	RARE	Low	1	0	1	0
oc	RARE	Low	2	0	2	0
otsho	RARE	Low	2	0	2	0
kod	RARE	Low	3	1	2	0
cfhe	RARE	Low	4	3	1	0
okeod	R3	Medium	10	0	10	0
ofo	RARE	Low	1	0	1	0
qckhe	RARE	Low	2	2	0	0
cphee	RARE	Low	2	2	0	0
cthail	RARE	Low	1	1	0	0
kold	RARE	Low	1	1	0	0
qocthe	RARE	Low	3	3	0	0
aiino	RARE	Low	4	1	3	0
odol	RARE	Low	1	1	0	0
qofai	RARE	Low	2	0	2	0
chtch	RARE	Low	1	0	1	0
okas	RARE	Low	2	0	2	0
kard	RARE	Low	1	0	1	0
xaloeee	RARE	Low	1	1	0	0
otald	RARE	Low	3	0	3	0
eedch	RARE	Low	1	0	1	0
oed	RARE	Low	3	0	3	0
keesa	RARE	Low	1	1	0	0
eeyf	RARE	Low	1	0	1	0
otarcho	RARE	Low	1	0	1	0
kak	RARE	Low	1	0	1	0
otak	RARE	Low	3	0	3	0
chst	RARE	Low	1	1	0	0
eeckh	RARE	Low	3	0	3	0
otcheytch	RARE	Low	1	1	0	0
okcheo	RARE	Low	5	1	4	0
otoda	RARE	Low	1	0	1	0
eop	RARE	Low	5	3	2	0
ocfh	RARE	Low	7	3	4	0
qykee	RARE	Low	1	1	0	0
eook	RARE	Low	1	1	0	0
eeke	RARE	Low	1	1	0	0
ofor	RARE	Low	3	0	3	0
okold	RARE	Low	3	0	3	0
hch	RARE	Low	1	0	1	0
qoctch	RARE	Low	1	0	1	0
qcth	RARE	Low	4	2	2	0
cte	RARE	Low	1	0	1	0
cphedo	RARE	Low	1	0	1	0
v	RARE	Low	8	0	8	0
ocfchee	RARE	Low	1	1	0	0
efo	RARE	Low	2	1	1	0
chcho	RARE	Low	1	0	1	0
yda	RARE	Low	2	1	1	0
echt	RARE	Low	1	0	1	0
vo	RARE	Low	1	0	1	0
eda	RARE	Low	6	4	2	0
otod	R3	Medium	12	0	12	0
xs	RARE	Low	1	0	1	0
otodaro	RARE	Low	1	0	1	0
oparairdl	RARE	Low	1	0	1	0
kchd	RARE	Low	3	2	1	0
otardal	RARE	Low	1	0	1	0
ackal	RARE	Low	1	0	1	0
oralar	RARE	Low	1	0	1	0
olf	RARE	Low	4	3	1	0
otoral	RARE	Low	1	0	1	0
kecho	RARE	Low	3	3	0	0
alald	RARE	Low	1	0	1	0
alo	R3	Medium	30	2	28	0
olal	RARE	Low	2	0	2	0
arar	RARE	Low	7	1	6	0
oteor	RARE	Low	2	0	2	0
olte	RARE	Low	3	2	1	0
oleesh	RARE	Low	1	1	0	0
teo	RARE	Low	8	0	8	0
teod	RARE	Low	3	0	3	0
qocph	RARE	Low	4	1	3	0
otalch	RARE	Low	1	0	1	0
okaly	RARE	Low	1	0	1	0
airal	RARE	Low	2	0	2	0
tchal	RARE	Low	1	0	1	0
qopaii	RARE	Low	1	0	1	0
qotysh	RARE	Low	2	2	0	0
shal	RARE	Low	2	0	2	0
ydal	RARE	Low	1	0	1	0
shols	RARE	Low	1	1	0	0
aral	RARE	Low	8	1	7	0
olral	RARE	Low	1	1	0	0
csee	RARE	Low	1	1	0	0
ochal	RARE	Low	1	0	1	0
sheock	RARE	Low	1	1	0	0
arodai	RARE	Low	1	0	1	0
qotail	RARE	Low	1	0	1	0
qoaii	RARE	Low	1	0	1	0
alolk	RARE	Low	1	1	0	0
seeg	RARE	Low	1	0	1	0
ale	RARE	Low	1	1	0	0
az	RARE	Low	1	0	1	0
oteeoal	RARE	Low	2	0	2	0
opchee	RARE	Low	4	0	4	0
ofad	RARE	Low	1	0	1	0
opsheol	RARE	Low	1	0	1	0
alt	RARE	Low	4	1	3	0
eeet	RARE	Low	3	2	1	0
shealkai	RARE	Low	1	1	0	0
odalal	RARE	Low	1	0	1	0
odshch	RARE	Low	1	0	1	0
otarch	RARE	Low	1	0	1	0
oqotal	RARE	Low	1	0	1	0
oltal	RARE	Low	1	1	0	0
oeke	RARE	Low	6	2	4	0
taipo	RARE	Low	1	0	1	0
eocth	RARE	Low	5	4	1	0
kees	RARE	Low	3	2	1	0
opolke	RARE	Low	1	0	1	0
chocf	RARE	Low	1	0	1	0
ypal	RARE	Low	1	1	0	0
ysheo	RARE	Low	1	1	0	0
tolk	RARE	Low	1	0	1	0
role	RARE	Low	1	1	0	0
arairal	RARE	Low	1	0	1	0
okalsalch	RARE	Low	1	0	1	0
ofal	RARE	Low	3	1	2	0
opald	RARE	Low	1	0	1	0
qotai	R3	Medium	10	0	10	0
ofar	RARE	Low	4	1	3	0
qokal	RARE	Low	1	1	0	0
qotalo	RARE	Low	1	0	1	0
cholsh	RARE	Low	1	0	1	0
ore	RARE	Low	3	0	3	0
olai	RARE	Low	2	0	2	0
alke	R1	High	10	9	1	0
alcho	RARE	Low	1	0	1	0
eockh	RARE	Low	6	6	0	0
ois	RARE	Low	1	0	1	0
ekeal	RARE	Low	1	0	1	0
eolt	RARE	Low	5	3	2	0
opolch	RARE	Low	1	1	0	0
eolke	RARE	Low	4	4	0	0
alche	RARE	Low	6	4	2	0
okorai	RARE	Low	1	0	1	0
ainaral	RARE	Low	1	1	0	0
okeol	R3	Medium	13	0	13	0
qoekal	RARE	Low	1	1	0	0
fai	RARE	Low	1	0	1	0
eoik	RARE	Low	1	1	0	0
oetalchg	RARE	Low	1	0	1	0
olsheo	RARE	Low	1	1	0	0
qofche	RARE	Low	3	3	0	0
aiph	RARE	Low	1	1	0	0
alych	RARE	Low	1	0	1	0
arol	RARE	Low	3	0	3	0
checf	RARE	Low	1	0	1	0
kchh	RARE	Low	1	0	1	0
ara	RARE	Low	3	0	3	0
kc	RARE	Low	1	1	0	0
yl	RARE	Low	1	0	1	0
alf	RARE	Low	3	0	3	0
qotes	RARE	Low	2	0	2	0
aol	RARE	Low	1	0	1	0
qolsa	RARE	Low	1	1	0	0
pche	RARE	Low	5	5	0	0
olpch	RARE	Low	2	1	1	0
okedal	RARE	Low	2	0	2	0
qoted	R3	Medium	14	0	14	0
koda	RARE	Low	1	1	0	0
ekai	RARE	Low	5	4	1	0
qochek	RARE	Low	1	1	0	0
cta	RARE	Low	1	1	0	0
ax	RARE	Low	1	0	1	0
chof	RARE	Low	2	0	2	0
olfosd	RARE	Low	1	0	1	0
alcheeek	RARE	Low	1	0	1	0
kesheo	RARE	Low	1	1	0	0
ekee	RARE	Low	5	2	3	0
tar	RARE	Low	5	0	5	0
osheo	RARE	Low	4	4	0	0
ekeef	RARE	Low	1	1	0	0
sheeo	RARE	Low	5	3	2	0
qoteeo	RARE	Low	8	7	1	0
oteoch	RARE	Low	3	2	1	0
pchee	RARE	Low	1	1	0	0
tshol	RARE	Low	1	0	1	0
okalch	RARE	Low	4	0	4	0
qoteol	RARE	Low	2	0	2	0
otcheo	RARE	Low	3	0	3	0
kchscheg	RARE	Low	1	1	0	0
okeodof	RARE	Low	1	0	1	0
oop	RARE	Low	1	1	0	0
orshef	RARE	Low	1	0	1	0
alde	RARE	Low	1	0	1	0
okech	R3	Medium	13	0	13	0
okchd	RARE	Low	6	0	6	0
edef	RARE	Low	1	0	1	0
sop	RARE	Low	1	0	1	0
ekcs	RARE	Low	1	0	1	0
pad	RARE	Low	1	1	0	0
eosees	RARE	Low	1	1	0	0
okag	RARE	Low	1	0	1	0
teeo	RARE	Low	6	1	5	0
ekeo	RARE	Low	4	4	0	0
kof	RARE	Low	1	1	0	0
dee	RARE	Low	2	0	2	0
epair	RARE	Low	1	0	1	0
qoekshg	RARE	Low	1	1	0	0
oete	RARE	Low	2	1	1	0
okeso	RARE	Low	1	0	1	0
oair	RARE	Low	2	0	2	0
oikh	RARE	Low	1	1	0	0
teokee	RARE	Low	1	1	0	0
pii	RARE	Low	1	1	0	0
oetee	RARE	Low	1	1	0	0
oeoke	RARE	Low	1	0	0	1
oteok	RARE	Low	2	2	0	0
eede	RARE	Low	3	1	2	0
eesch	RARE	Low	1	0	1	0
kara	RARE	Low	1	1	0	0
eetee	RARE	Low	1	1	0	0
eteg	RARE	Low	1	1	0	0
okeoked	RARE	Low	1	0	1	0
arche	RARE	Low	2	2	0	0
qoik	RARE	Low	1	1	0	0
oteeo	R3	Medium	23	0	23	0
okeohd	RARE	Low	1	0	1	0
okeos	RARE	Low	2	0	2	0
otees	RARE	Low	2	0	2	0
otokeed	RARE	Low	1	1	0	0
par	RARE	Low	1	1	0	0
asa	RARE	Low	2	0	2	0
osaii	RARE	Low	1	0	1	0
eos	RARE	Low	5	3	2	0
alar	RARE	Low	2	0	2	0
kchy	RARE	Low	2	2	0	0
eesy	RARE	Low	1	1	0	0
fchykch	RARE	Low	1	1	0	0
kshyk	RARE	Low	1	0	1	0
ykch	RARE	Low	2	1	1	0
opodch	RARE	Low	1	0	1	0
ylchs	RARE	Low	1	0	1	0
otoc	RARE	Low	1	0	1	0
oraii	RARE	Low	1	0	1	0
dcho	RARE	Low	1	1	0	0
ocf	RARE	Low	3	1	2	0
eopor	RARE	Low	1	0	1	0
also	RARE	Low	1	1	0	0
dag	RARE	Low	1	0	1	0
opchol	RARE	Low	3	0	3	0
aka	RARE	Low	1	0	1	0
oeolda	RARE	Low	1	0	1	0
otoldo	RARE	Low	1	0	1	0
octhol	RARE	Low	1	0	1	0
toeopch	RARE	Low	1	0	1	0
orchoe	RARE	Low	1	0	1	0
acsa?r	RARE	Low	1	0	1	0
qotoe	RARE	Low	1	1	0	0
sald	RARE	Low	1	0	1	0
tchody	RARE	Low	1	0	1	0
octhy	RARE	Low	1	0	1	0
tok	RARE	Low	1	0	1	0
okoda	RARE	Low	1	0	1	0
ora	RARE	Low	2	0	2	0
talcho	RARE	Low	1	0	1	0
yshee	RARE	Low	1	1	0	0
qeyk	RARE	Low	1	1	0	0
oirsg	RARE	Low	1	0	1	0
otarar	RARE	Low	1	0	1	0
aed	RARE	Low	1	0	1	0
osal	RARE	Low	2	1	1	0
kyr	RARE	Low	1	0	1	0
orala	RARE	Low	1	0	1	0
cses	RARE	Low	1	0	1	0
ochepal	RARE	Low	1	1	0	0
oeola	RARE	Low	1	0	1	0
okydseog	RARE	Low	1	0	1	0
oafoal	RARE	Low	1	0	1	0
kalo	RARE	Low	1	1	0	0
okolar	RARE	Low	1	0	1	0
okarale	RARE	Low	1	0	1	0
kao	RARE	Low	1	0	1	0
o?e	RARE	Low	1	0	1	0
oekch	RARE	Low	2	1	1	0
okor	RARE	Low	7	1	6	0
okchos	RARE	Low	1	0	1	0
amam	RARE	Low	1	0	1	0
airk	RARE	Low	1	0	1	0
echkol	RARE	Low	1	0	1	0
okolal	RARE	Low	1	0	1	0
?syk	RARE	Low	1	0	1	0
echoek	RARE	Low	1	0	1	0
ockhos	RARE	Low	1	0	1	0
ochar	RARE	Low	2	0	2	0
ochodar	RARE	Low	1	0	1	0
otorke	RARE	Low	1	0	1	0
otechod	RARE	Low	1	0	1	0
odre	RARE	Low	1	0	1	0
chodai	RARE	Low	2	0	2	0
oeka	RARE	Low	1	0	1	0
iii	RARE	Low	1	1	0	0
oesd	RARE	Low	1	0	1	0
koo	RARE	Low	2	2	0	0
pcheg	RARE	Low	1	1	0	0
oksheeoda	RARE	Low	1	0	1	0
aroka	RARE	Low	1	1	0	0
octhe	RARE	Low	5	1	4	0
ochso	RARE	Low	1	0	1	0
eokorch	RARE	Low	1	1	0	0
cckhe	RARE	Low	1	1	0	0
kchykol	RARE	Low	1	0	1	0
okodal	RARE	Low	1	0	1	0
odchect	RARE	Low	1	1	0	0
okoal	RARE	Low	1	0	1	0
otcs	RARE	Low	1	0	1	0
cphoct	RARE	Low	1	1	0	0
ofche	RARE	Low	2	2	0	0
otcsdo	RARE	Low	1	0	1	0
otykch	RARE	Low	1	0	1	0
oiin	RARE	Low	4	0	4	0
oeeodct	RARE	Low	1	1	0	0
q?ae	RARE	Low	1	0	1	0
shee	R1	High	15	9	6	0
oeect	RARE	Low	1	0	1	0
otcheol	RARE	Low	1	0	1	0
okeeoda	RARE	Low	1	0	1	0
otchok	RARE	Low	3	0	3	0
orii	RARE	Low	2	0	2	0
qoeeck	RARE	Low	1	1	0	0
qockhe	RARE	Low	6	6	0	0
okem	RARE	Low	1	0	1	0
okais	RARE	Low	1	0	1	0
qo?	RARE	Low	1	0	1	0
otolchct	RARE	Low	1	0	1	0
ochor	RARE	Low	1	0	1	0
odaraiil	RARE	Low	1	0	1	0
chees	RARE	Low	1	0	1	0
etocho	RARE	Low	1	0	1	0
ofchs	RARE	Low	1	0	1	0
otcheod	RARE	Low	2	0	2	0
opocph	RARE	Low	1	0	1	0
otosh	RARE	Low	1	0	1	0
okeech	RARE	Low	1	0	1	0
eoteeo	RARE	Low	1	1	0	0
oshch	RARE	Low	1	0	1	0
oetch	RARE	Low	1	0	1	0
a?che	RARE	Low	1	0	1	0
qochecth?	RARE	Low	1	0	1	0
reo	RARE	Low	1	0	1	0
okeodl	RARE	Low	1	0	1	0
osch	RARE	Low	1	0	1	0
eockhed	RARE	Low	1	1	0	0
oteodche	RARE	Low	1	1	0	0
alees	RARE	Low	1	0	1	0
okinaii	RARE	Low	1	0	1	0
keos	RARE	Low	1	1	0	0
okyl	RARE	Low	2	0	2	0
ockhod	RARE	Low	1	0	1	0
okols	RARE	Low	3	0	3	0
otgold	RARE	Low	1	0	1	0
oaro	RARE	Low	2	0	2	0
oalche	RARE	Low	1	1	0	0
okchoda	RARE	Low	2	0	2	0
olsch	RARE	Low	1	1	0	0
etsh	RARE	Low	2	1	1	0
qooto	RARE	Low	1	0	1	0
cseykche	RARE	Low	1	1	0	0
qet	RARE	Low	8	0	8	0
eeetch	RARE	Low	1	1	0	0
qoeeok	RARE	Low	1	1	0	0
keoee	RARE	Low	1	1	0	0
otololee	RARE	Low	1	0	1	0
oteeos	RARE	Low	3	0	3	0
eoda	RARE	Low	3	2	1	0
ochek	RARE	Low	1	1	0	0
okolch	RARE	Low	2	0	2	0
okeeg	RARE	Low	1	0	1	0
keeeg	RARE	Low	1	0	1	0
eolkech	RARE	Low	1	1	0	0
daii	RARE	Low	1	0	1	0
okchy	RARE	Low	1	0	1	0
okos	RARE	Low	2	0	2	0
okeoe	RARE	Low	1	0	1	0
otair	RARE	Low	4	0	4	0
orke	RARE	Low	1	1	0	0
opcholdg	RARE	Low	1	0	1	0
ctheep	RARE	Low	1	0	1	0
oalchd	RARE	Low	1	0	1	0
yok	RARE	Low	1	1	0	0
otey	RARE	Low	2	0	2	0
okecho	RARE	Low	2	0	2	0
c?eecth	RARE	Low	1	0	1	0
otych	RARE	Low	2	1	1	0
oteey	RARE	Low	2	0	2	0
sheso	RARE	Low	1	1	0	0
oteoy	RARE	Low	1	0	1	0
orasal	RARE	Low	1	0	1	0
alam	RARE	Low	1	0	1	0
adairch	RARE	Low	1	0	1	0
keeep	RARE	Low	1	0	1	0
eel	RARE	Low	1	1	0	0
okeoll	RARE	Low	1	1	0	0
keeyk	RARE	Low	1	1	0	0
okeyt	RARE	Low	3	0	3	0
esokeeote	RARE	Low	1	1	0	0
oik	RARE	Low	9	2	7	0
kor	RARE	Low	3	2	1	0
ycheck	RARE	Low	1	0	1	0
ocko	RARE	Low	1	0	1	0
eodaii	RARE	Low	1	1	0	0
eekch	RARE	Low	1	1	0	0
olee	RARE	Low	2	1	1	0
oteot	RARE	Low	5	0	4	1
otech	R3	Medium	10	1	9	0
cpchet	RARE	Low	1	1	0	0
arolsa	RARE	Low	1	1	0	0
okechdar	RARE	Low	1	0	1	0
ekey	RARE	Low	1	1	0	0
cheeo	RARE	Low	3	2	1	0
eeash	RARE	Low	1	1	0	0
tair	RARE	Low	2	1	1	0
toete	RARE	Low	1	0	1	0
tcheodyt	RARE	Low	1	0	1	0
kech	RARE	Low	9	8	1	0
okchoct	RARE	Low	1	0	1	0
ith	RARE	Low	3	1	2	0
ocheeo	RARE	Low	1	0	1	0
lcho	RARE	Low	1	0	1	0
okeea	RARE	Low	2	0	2	0
okoees	RARE	Low	1	0	1	0
aink	RARE	Low	1	0	1	0
eyk	RARE	Low	9	9	0	0
otam	RARE	Low	1	0	1	0
otokch	RARE	Low	1	1	0	0
echa	RARE	Low	1	0	1	0
eokee	RARE	Low	1	1	0	0
oar	RARE	Low	3	0	3	0
tyda	RARE	Low	1	0	1	0
oteoar	RARE	Low	1	0	1	0
etesesche	RARE	Low	1	1	0	0
ochoy	RARE	Low	1	1	0	0
oeesa	RARE	Low	1	0	1	0
key	RARE	Low	1	1	0	0
ary	RARE	Low	1	0	1	0
ooooooooolar???s??	RARE	Low	1	0	1	0
oekeeo	RARE	Low	1	1	0	0
alair	RARE	Low	1	0	1	0
otorsheo	RARE	Low	1	1	0	0
opcheop	RARE	Low	1	1	0	0
oteesh	RARE	Low	1	0	1	0
oteoda	RARE	Low	2	0	2	0
tor	RARE	Low	2	1	1	0
opol	RARE	Low	3	0	3	0
okolai	RARE	Low	1	0	1	0
fcheodl	RARE	Low	1	1	0	0
tchea	RARE	Low	1	0	1	0
orolg	RARE	Low	1	0	1	0
oteodsh	RARE	Low	1	1	0	0
otechg	RARE	Low	1	0	1	0
pol	RARE	Low	1	0	1	0
chet	RARE	Low	2	1	1	0
kem	RARE	Low	1	1	0	0
hh	RARE	Low	1	1	0	0
aloee	RARE	Low	2	2	0	0
taii	RARE	Low	4	1	3	0
ta	RARE	Low	2	0	2	0
opar	RARE	Low	5	0	5	0
alal	RARE	Low	5	0	5	0
alek	RARE	Low	1	1	0	0
oteeodals	RARE	Low	1	0	1	0
oit	RARE	Low	4	0	4	0
otchetch	RARE	Low	1	0	1	0
okseo	RARE	Low	1	0	1	0
keeeedaii	RARE	Low	1	1	0	0
oteeod	RARE	Low	4	0	4	0
csoek	RARE	Low	1	1	0	0
eoteeod	RARE	Low	1	0	1	0
oetchal	RARE	Low	1	0	1	0
opaii	RARE	Low	3	0	3	0
arodch	RARE	Low	1	1	0	0
eecph	RARE	Low	1	1	0	0
okeedal	RARE	Low	2	0	2	0
eeoek	RARE	Low	2	2	0	0
otoeese	RARE	Low	1	0	1	0
otchs	RARE	Low	2	0	2	0
otchos	RARE	Low	2	0	2	0
otsheo	RARE	Low	1	1	0	0
oteoteotsho	RARE	Low	1	0	1	0
eodal	RARE	Low	3	2	1	0
oteeeo	RARE	Low	2	0	2	0
otalalg	RARE	Low	1	0	1	0
oteat	RARE	Low	1	0	1	0
oteed	RARE	Low	7	0	7	0
h?	RARE	Low	1	0	1	0
olar	RARE	Low	5	0	5	0
oteos	RARE	Low	2	0	2	0
okald	RARE	Low	2	0	2	0
la	RARE	Low	1	0	1	0
ail	RARE	Low	3	0	3	0
?i	RARE	Low	1	0	1	0
otyl	RARE	Low	2	0	2	0
oteosh	RARE	Low	1	1	0	0
okoksheo	RARE	Low	1	0	1	0
oam	RARE	Low	1	0	1	0
okchoteee	RARE	Low	1	0	1	0
eokeo	RARE	Low	2	2	0	0
otokaima	RARE	Low	1	0	1	0
oalcheg	RARE	Low	1	1	0	0
otchodal	RARE	Low	1	0	1	0
otshsh	RARE	Low	1	0	1	0
pshar	RARE	Low	1	0	1	0
eokeeo	RARE	Low	3	3	0	0
oteeyk	RARE	Low	2	0	2	0
opot	RARE	Low	1	0	1	0
otecheo	RARE	Low	1	1	0	0
asal	RARE	Low	1	0	1	0
otea	RARE	Low	2	0	2	0
aray	RARE	Low	1	0	1	0
okeok	RARE	Low	2	0	2	0
aeke	RARE	Low	2	2	0	0
okeokeoke	RARE	Low	1	0	1	0
otokeo	RARE	Low	1	1	0	0
oteeeod	RARE	Low	1	0	1	0
eeokseo	RARE	Low	1	1	0	0
qork	RARE	Low	1	0	1	0
okld	RARE	Low	1	0	1	0
oteoal	RARE	Low	1	0	1	0
okeoal	RARE	Low	1	0	1	0
otalek	RARE	Low	1	0	1	0
otals	RARE	Low	4	0	4	0
sar	RARE	Low	1	1	0	0
otalal	RARE	Low	1	0	1	0
oteesa	RARE	Low	1	0	1	0
sheot	RARE	Low	1	0	1	0
okeeee	RARE	Low	1	0	1	0
oteoshal	RARE	Low	1	0	1	0
otoloar	RARE	Low	1	0	1	0
ets	RARE	Low	1	1	0	0
okeodal	RARE	Low	2	0	2	0
okaikal	RARE	Low	1	0	1	0
fal	RARE	Low	1	1	0	0
sk	RARE	Low	5	3	2	0
ofacfo	RARE	Low	1	0	1	0
okoch	RARE	Low	2	0	2	0
oshod	RARE	Low	1	0	1	0
daiirsain	RARE	Low	1	1	0	0
otaral	RARE	Low	2	0	2	0
otalef	RARE	Low	1	0	1	0
oteotee	RARE	Low	1	0	1	0
ofaral	RARE	Low	1	0	1	0
otain	RARE	Low	1	0	1	0
oteeol	RARE	Low	2	0	2	0
rol	RARE	Low	1	0	1	0
ofchda	RARE	Low	1	0	1	0
oklair	RARE	Low	1	0	1	0
okair	RARE	Low	3	0	3	0
eokeod	RARE	Low	1	0	1	0
qooee	RARE	Low	1	0	1	0
otedo	RARE	Low	2	0	2	0
oteear	RARE	Low	1	0	1	0
okairch	RARE	Low	1	0	1	0
csete	RARE	Low	1	1	0	0
eyct	RARE	Low	1	1	0	0
otoee	RARE	Low	1	0	1	0
ainal	RARE	Low	2	0	2	0
okeo?	RARE	Low	1	0	1	0
ekaith	RARE	Low	1	1	0	0
ereol	RARE	Low	1	0	1	0
ohe	RARE	Low	1	1	0	0
als	RARE	Low	8	5	3	0
opoiisooi	RARE	Low	1	0	1	0
oeeeod	RARE	Low	2	0	2	0
ofshol	RARE	Low	1	0	1	0
kolair	RARE	Low	1	1	0	0
o?a	RARE	Low	1	0	1	0
oeteo	RARE	Low	1	0	1	0
e??	RARE	Low	1	0	1	0
eys	RARE	Low	1	1	0	0
eesal	RARE	Low	1	1	0	0
kair	RARE	Low	1	1	0	0
orara	RARE	Low	1	0	1	0
fsheor	RARE	Low	1	1	0	0
opcholal	RARE	Low	1	0	1	0
oteda	RARE	Low	1	0	1	0
far	RARE	Low	1	0	1	0
osaiis	RARE	Low	1	0	1	0
ote?	RARE	Low	1	0	1	0
eoka	RARE	Low	1	1	0	0
edykey	RARE	Low	1	1	0	0
eteody	RARE	Low	1	0	1	0
okoleeol	RARE	Low	1	0	1	0
klede?	RARE	Low	1	0	1	0
okechl	RARE	Low	1	0	1	0
okechea	RARE	Low	1	0	1	0
aei	RARE	Low	1	0	1	0
oyteied	RARE	Low	1	0	1	0
otyche	RARE	Low	1	1	0	0
ogeo	RARE	Low	1	0	1	0
okyees	RARE	Low	1	0	1	0
ofalal	RARE	Low	1	0	1	0
eolp	RARE	Low	1	1	0	0
ok?olo	RARE	Low	1	0	1	0
etotee	RARE	Low	1	1	0	0
okeoek	RARE	Low	1	0	1	0
olair	RARE	Low	3	2	1	0
ok?eolok	RARE	Low	1	0	1	0
oeem	RARE	Low	1	0	1	0
oec	RARE	Low	1	0	1	0
oteeso	RARE	Low	1	0	1	0
okeser	RARE	Low	1	0	1	0
cskes	RARE	Low	1	1	0	0
kesodar	RARE	Low	1	1	0	0
ataseo	RARE	Low	1	0	1	0
otycoy	RARE	Low	1	0	1	0
ekaip	RARE	Low	1	1	0	0
cseo	RARE	Low	1	1	0	0
eck?	RARE	Low	1	0	1	0
ge???ee	RARE	Low	1	0	1	0
cth???	RARE	Low	1	0	1	0
okeee	RARE	Low	4	0	4	0
ekeol	RARE	Low	1	1	0	0
oekee	RARE	Low	1	1	0	0
okolr	RARE	Low	1	0	1	0
oeed	RARE	Low	4	0	4	0
okeor	RARE	Low	3	0	3	0
airol	RARE	Low	2	0	2	0
oshes	RARE	Low	1	1	0	0
eoekc	RARE	Low	1	1	0	0
eeoeet	RARE	Low	1	1	0	0
ofchdys	RARE	Low	1	0	1	0
opaiin	RARE	Low	1	0	1	0
eeeolo	RARE	Low	1	1	0	0
otealch	RARE	Low	1	1	0	0
eokai	RARE	Low	1	1	0	0
an	RARE	Low	2	0	2	0
alte	RARE	Low	1	0	1	0
opalg	RARE	Low	1	0	1	0
oeedal	RARE	Low	1	0	1	0
ofchea	RARE	Low	1	1	0	0
etol	RARE	Low	1	1	0	0
okeal	RARE	Low	1	0	1	0
pal	RARE	Low	1	1	0	0
eeal	RARE	Low	1	0	1	0
?et	RARE	Low	1	0	1	0
okchedyl	RARE	Low	1	0	1	0
dar	RARE	Low	3	0	3	0
opsheyt	RARE	Low	1	0	1	0
opairal	RARE	Low	1	0	1	0
oshy	RARE	Low	1	1	0	0
sr?	RARE	Low	1	0	1	0
ok?s?	RARE	Low	1	0	1	0
ocfs	RARE	Low	1	0	1	0
okeeol	RARE	Low	2	0	2	0
ocheo	RARE	Low	4	4	0	0
oteof	RARE	Low	1	0	1	0
eoep	RARE	Low	2	2	0	0
otarii	RARE	Low	1	0	1	0
otoltop	RARE	Low	1	0	1	0
ofa	RARE	Low	1	0	1	0
opcheolf	RARE	Low	1	0	1	0
otolop	RARE	Low	1	0	1	0
oeeol	RARE	Low	2	0	2	0
okalai	RARE	Low	1	0	1	0
oteoo	RARE	Low	1	0	1	0
polch	RARE	Low	1	1	0	0
alched	RARE	Low	2	1	1	0
oteosd	RARE	Low	1	0	1	0
eii	RARE	Low	1	0	1	0
eteeeos	RARE	Low	1	1	0	0
keydo	RARE	Low	1	1	0	0
alchek	RARE	Low	1	1	0	0
oteedy	RARE	Low	1	0	1	0
oker	RARE	Low	1	0	1	0
keeor	RARE	Low	1	1	0	0
oteedyg	RARE	Low	1	0	1	0
otoreee	RARE	Low	1	0	1	0
qoih	RARE	Low	1	1	0	0
ot?a	RARE	Low	1	0	1	0
oota	RARE	Low	1	0	1	0
epchee	RARE	Low	1	1	0	0
otesalo	RARE	Low	1	0	1	0
faik	RARE	Low	1	1	0	0
ted	RARE	Low	3	0	3	0
kaip	RARE	Low	2	2	0	0
odee	RARE	Low	3	0	3	0
ecs	RARE	Low	1	0	1	0
ofchees	RARE	Low	1	1	0	0
oraiin	RARE	Low	1	0	1	0
okeed	R3	Medium	12	2	10	0
eyt	RARE	Low	4	4	0	0
okechol	RARE	Low	1	0	1	0
oiai	RARE	Low	1	0	1	0
otedch	RARE	Low	1	0	1	0
lal	RARE	Low	1	0	1	0
otas	RARE	Low	1	0	1	0
qolch	R4	Low	23	22	1	0
edyk	RARE	Low	2	1	1	0
ack	RARE	Low	1	0	1	0
kamo	RARE	Low	1	0	1	0
qotar	RARE	Low	2	0	2	0
sheck	RARE	Low	4	2	2	0
shedar	RARE	Low	1	0	1	0
oqek	RARE	Low	1	0	1	0
qckhs	RARE	Low	1	0	1	0
qolkar	RARE	Low	1	0	1	0
dalsh	RARE	Low	1	0	1	0
sht	RARE	Low	1	0	1	0
shdyqo	RARE	Low	1	1	0	0
qolsh	RARE	Low	6	5	1	0
qoqok	RARE	Low	1	1	0	0
lsh	RARE	Low	2	1	1	0
eolo	RARE	Low	2	2	0	0
okesh	RARE	Low	2	0	2	0
qolp	RARE	Low	1	0	1	0
qofs	RARE	Low	1	0	1	0
qotddy	RARE	Low	1	0	1	0
qotedsh	RARE	Low	1	1	0	0
qcthee	RARE	Low	1	1	0	0
ckhee	RARE	Low	1	1	0	0
qolai	RARE	Low	1	0	1	0
qe	RARE	Low	8	5	3	0
aloro	RARE	Low	1	1	0	0
otedy	RARE	Low	1	0	1	0
qaloi	RARE	Low	1	0	1	0
laiir	RARE	Low	1	0	1	0
shct	RARE	Low	1	0	1	0
qoolk	RARE	Low	3	1	2	0
lche	RARE	Low	1	1	0	0
okey	RARE	Low	1	0	1	0
olalch	RARE	Low	1	0	1	0
kshe	RARE	Low	3	3	0	0
pshe	RARE	Low	2	2	0	0
chdy	RARE	Low	2	1	1	0
oleedara	RARE	Low	1	1	0	0
olp	RARE	Low	3	1	2	0
qk	RARE	Low	6	1	5	0
edy	RARE	Low	7	5	2	0
qofchd	RARE	Low	3	0	3	0
opa	RARE	Low	1	0	1	0
orol	RARE	Low	7	2	5	0
qoyk	RARE	Low	2	1	1	0
eyteg	RARE	Low	1	0	1	0
qolke	RARE	Low	8	8	0	0
cphd	RARE	Low	2	2	0	0
sheet	RARE	Low	1	1	0	0
ecp	RARE	Low	3	3	0	0
qoeeke	RARE	Low	1	1	0	0
olshd	RARE	Low	1	1	0	0
otedai	RARE	Low	1	0	1	0
opshed	RARE	Low	1	0	1	0
sched	RARE	Low	1	1	0	0
sheoke	RARE	Low	1	1	0	0
oshepol	RARE	Low	1	1	0	0
edch	RARE	Low	1	1	0	0
oiii	RARE	Low	1	0	1	0
sheol	RARE	Low	2	2	0	0
opalsh	RARE	Low	1	1	0	0
ckhy	RARE	Low	1	1	0	0
lai	RARE	Low	1	1	0	0
shet	RARE	Low	2	2	0	0
olsai	RARE	Low	1	1	0	0
archd	RARE	Low	1	0	1	0
arai	RARE	Low	7	0	7	0
ylche	RARE	Low	1	0	1	0
qode	RARE	Low	3	3	0	0
qolshe	RARE	Low	2	2	0	0
qolche	RARE	Low	5	4	1	0
fche	RARE	Low	2	1	1	0
qyk	RARE	Low	1	0	1	0
qepch	RARE	Low	2	2	0	0
lchpsh	RARE	Low	1	1	0	0
arot	RARE	Low	2	1	1	0
otolaiino	RARE	Low	1	0	1	0
orched	RARE	Low	2	2	0	0
qopsh	RARE	Low	4	0	4	0
qodyk	RARE	Low	1	1	0	0
sheed	RARE	Low	5	4	1	0
archeed	RARE	Low	1	0	1	0
qeed	RARE	Low	3	3	0	0
aror	RARE	Low	2	0	2	0
aloh	RARE	Low	1	0	1	0
olche	RARE	Low	8	6	2	0
eoede	RARE	Low	1	0	1	0
okchdldlo	RARE	Low	1	0	1	0
qckh	RARE	Low	4	2	2	0
chdolt	RARE	Low	1	0	1	0
qch	RARE	Low	3	1	2	0
oroi	RARE	Low	3	0	3	0
araloik	RARE	Low	1	0	1	0
otasodlor	RARE	Low	1	0	1	0
check	RARE	Low	4	3	1	0
checkh	RARE	Low	2	1	1	0
qolkesh	RARE	Low	1	1	0	0
shck	RARE	Low	1	0	1	0
kesh	RARE	Low	3	2	1	0
sheal	RARE	Low	1	1	0	0
qotees	RARE	Low	2	2	0	0
otechy	RARE	Low	1	0	1	0
shor	RARE	Low	2	0	2	0
okao	RARE	Low	1	0	1	0
ecphh	RARE	Low	1	1	0	0
otchot	RARE	Low	1	0	0	1
oaa	RARE	Low	1	0	1	0
oldsh	RARE	Low	1	1	0	0
qorch	RARE	Low	2	1	1	0
cse	RARE	Low	4	4	0	0
sheckh	RARE	Low	1	1	0	0
qolt	RARE	Low	1	0	1	0
a?k	RARE	Low	1	0	1	0
oiiin	RARE	Low	1	0	1	0
otalsh	RARE	Low	4	3	1	0
orshe	RARE	Low	1	1	0	0
tshs	RARE	Low	1	0	1	0
eepsh	RARE	Low	1	0	1	0
ag	RARE	Low	2	0	2	0
okolo	RARE	Low	2	0	2	0
qopolk	RARE	Low	1	0	1	0
arsh	RARE	Low	4	1	3	0
yks	RARE	Low	1	0	1	0
echck	RARE	Low	1	1	0	0
chct	RARE	Low	5	0	5	0
opcheek	RARE	Low	1	0	1	0
cheolk	RARE	Low	1	1	0	0
cthcth	RARE	Low	1	1	0	0
alshee	RARE	Low	1	0	1	0
orolshs	RARE	Low	1	1	0	0
eeyt	RARE	Low	2	2	0	0
efaloi	RARE	Low	1	0	1	0
okl	RARE	Low	1	0	1	0
okain	RARE	Low	1	0	1	0
lch	RARE	Low	8	3	5	0
olfch	RARE	Low	3	0	3	0
ecty	RARE	Low	1	1	0	0
tolp	RARE	Low	1	0	1	0
qopal	RARE	Low	1	0	1	0
qotlolk	RARE	Low	1	0	1	0
poik	RARE	Low	1	0	1	0
rch	RARE	Low	1	1	0	0
oltesh	RARE	Low	1	0	1	0
qct	RARE	Low	2	0	2	0
ofsh	RARE	Low	2	1	1	0
oroir	RARE	Low	1	0	1	0
oched	RARE	Low	3	3	0	0
qcthdy	RARE	Low	1	0	1	0
oshytee	RARE	Low	1	0	1	0
okylk	RARE	Low	1	0	1	0
sholy	RARE	Low	1	0	1	0
kecs	RARE	Low	1	1	0	0
keda	RARE	Low	1	1	0	0
ip	RARE	Low	1	0	1	0
cseek	RARE	Low	2	2	0	0
chpch	RARE	Low	1	0	1	0
alshcth	RARE	Low	1	0	1	0
shkch	RARE	Low	1	0	1	0
tedyt	RARE	Low	1	1	0	0
shch	RARE	Low	1	1	0	0
qocse	RARE	Low	1	0	1	0
airch	RARE	Low	1	0	1	0
qodche	RARE	Low	1	1	0	0
eckho	RARE	Low	1	1	0	0
sor	RARE	Low	1	0	1	0
osals	RARE	Low	1	1	0	0
qoes	RARE	Low	1	1	0	0
eeer	RARE	Low	1	1	0	0
ikh	RARE	Low	1	0	1	0
aryr	RARE	Low	1	0	1	0
okaira	RARE	Low	1	0	1	0
otd	RARE	Low	1	0	1	0
qoteytyqok	RARE	Low	1	1	0	0
olshe	RARE	Low	5	3	2	0
oinal	RARE	Low	1	0	1	0
okaral	RARE	Low	1	0	1	0
qolksh	RARE	Low	1	1	0	0
ytar	RARE	Low	1	0	1	0
chdar	RARE	Low	2	0	2	0
eytch	RARE	Low	1	0	1	0
aind	RARE	Low	2	0	2	0
shals	RARE	Low	2	1	1	0
qf	RARE	Low	1	0	1	0
qs	RARE	Low	1	0	1	0
eecth	RARE	Low	2	1	1	0
cheol	RARE	Low	4	2	2	0
alchck	RARE	Low	1	0	1	0
keey	RARE	Low	1	1	0	0
okook	RARE	Low	1	0	1	0
opcs	RARE	Low	1	0	1	0
qee	RARE	Low	5	3	2	0
oq	RARE	Low	3	0	3	0
ecthed	RARE	Low	1	0	1	0
ecph	RARE	Low	3	3	0	0
edk	RARE	Low	3	3	0	0
cseckh	RARE	Low	1	1	0	0
qpch	RARE	Low	1	1	0	0
chcph	RARE	Low	1	0	1	0
ld	RARE	Low	2	1	1	0
ealr	RARE	Low	1	1	0	0
chedai	RARE	Low	2	2	0	0
sal	RARE	Low	3	0	3	0
yld	RARE	Low	1	1	0	0
airy	RARE	Low	1	0	1	0
arold	RARE	Low	1	0	1	0
arols	RARE	Low	1	0	1	0
olchk	RARE	Low	1	0	1	0
cheda	RARE	Low	1	0	1	0
sheg	RARE	Low	1	1	0	0
qoeeo	RARE	Low	2	2	0	0
ao	RARE	Low	1	1	0	0
qolte	RARE	Low	1	1	0	0
eeck	RARE	Low	4	4	0	0
oysh	RARE	Low	1	1	0	0
my	RARE	Low	1	0	1	0
kcs	RARE	Low	1	1	0	0
qok	RARE	Low	1	0	1	0
chcfh	RARE	Low	1	0	1	0
qotchs	RARE	Low	1	0	1	0
oqofch	RARE	Low	1	1	0	0
ofol	RARE	Low	1	0	1	0
qsolke	RARE	Low	1	1	0	0
aryl	RARE	Low	1	0	1	0
t?y	RARE	Low	1	0	1	0
cfhdor	RARE	Low	1	1	0	0
oloke	RARE	Low	1	1	0	0
dair	RARE	Low	1	0	1	0
aisol	RARE	Low	1	0	1	0
dshe	RARE	Low	1	1	0	0
kdai	RARE	Low	1	1	0	0
odeed	RARE	Low	1	0	1	0
oltsh	RARE	Low	1	0	1	0
do	RARE	Low	4	2	2	0
opchs	RARE	Low	3	0	3	0
csed	RARE	Low	1	1	0	0
qotdct	RARE	Low	1	0	1	0
efshoro	RARE	Low	1	1	0	0
opak	RARE	Low	1	0	1	0
oeesear	RARE	Low	1	0	1	0
qoctho	RARE	Low	1	0	1	0
keee	RARE	Low	6	5	1	0
cthi	RARE	Low	1	1	0	0
chedaii	RARE	Low	1	0	1	0
chdair	RARE	Low	1	0	1	0
arord	RARE	Low	1	0	1	0
odeee	RARE	Low	1	0	1	0
okede	RARE	Low	1	0	1	0
otalo	RARE	Low	2	0	2	0
dyt	RARE	Low	1	0	1	0
opoee	RARE	Low	1	0	1	0
otad	RARE	Low	1	0	1	0
qopchch	RARE	Low	1	0	1	0
ockhd	RARE	Low	1	0	1	0
osee	RARE	Low	1	0	1	0
oeor	RARE	Low	1	0	1	0
qtch	RARE	Low	1	1	0	0
okco	RARE	Low	1	0	1	0
psh	RARE	Low	2	2	0	0
aiinog	RARE	Low	1	0	1	0
otchdo	RARE	Low	1	0	1	0
odsheo	RARE	Low	1	0	1	0
eepch	RARE	Low	1	0	1	0
oseeed	RARE	Low	1	0	1	0
oraror	RARE	Low	1	0	1	0
o?d	RARE	Low	1	0	1	0
otodeeeo	RARE	Low	1	0	1	0
odarch	RARE	Low	1	0	1	0
edee	RARE	Low	1	1	0	0
chso	RARE	Low	1	0	1	0
oep	RARE	Low	1	0	1	0
er	RARE	Low	2	1	1	0
tedai	RARE	Low	1	0	1	0
chde	RARE	Low	1	1	0	0
otoldy	RARE	Low	1	0	1	0
chsod	RARE	Low	1	0	1	0
oqoke	RARE	Low	1	1	0	0
otedal	RARE	Low	1	0	1	0
orair	RARE	Low	1	0	1	0
qotchd	RARE	Low	3	0	3	0
karchee	RARE	Low	1	1	0	0
orsheee	RARE	Low	1	1	0	0
lched	RARE	Low	1	1	0	0
qck	RARE	Low	2	0	2	0
ox	RARE	Low	3	0	3	0
keeal	RARE	Low	1	0	1	0
kairolk	RARE	Low	1	0	1	0
ctholct	RARE	Low	1	1	0	0
cpholk	RARE	Low	1	1	0	0
ecf	RARE	Low	1	1	0	0
oif	RARE	Low	1	0	1	0
checfh	RARE	Low	1	0	1	0
qofo	RARE	Low	2	0	2	0
otyteeod	RARE	Low	1	0	1	0
orokee	RARE	Low	1	1	0	0
olkeo	RARE	Low	1	1	0	0
orchct	RARE	Low	2	0	2	0
alshd	RARE	Low	1	1	0	0
ams	RARE	Low	1	0	1	0
ytsh	RARE	Low	1	0	1	0
yts	RARE	Low	1	0	1	0
qopyd	RARE	Low	1	0	1	0
qopar	RARE	Low	2	0	2	0
okeeeyk	RARE	Low	1	0	1	0
octhai	RARE	Low	1	0	1	0
okeockh	RARE	Low	1	0	1	0
otolks	RARE	Low	1	0	1	0
otalk	RARE	Low	3	0	3	0
aiod	RARE	Low	1	0	1	0
osai	RARE	Low	2	0	2	0
oteeodai	RARE	Low	1	0	1	0
pcher	RARE	Low	1	1	0	0
chcf	RARE	Low	1	0	1	0
eeg	RARE	Low	1	1	0	0
oraiiin	RARE	Low	1	0	1	0
qopches	RARE	Low	1	0	1	0
kalk	RARE	Low	1	1	0	0
alkalyt	RARE	Low	1	0	1	0
eeytyd	RARE	Low	1	1	0	0
eodk	RARE	Low	3	0	3	0
alosh	RARE	Low	1	0	1	0
kes	RARE	Low	2	1	1	0
ps	RARE	Low	1	0	1	0
td	RARE	Low	1	0	1	0
eodyteyt	RARE	Low	1	0	1	0
keeear	RARE	Low	1	1	0	0
oreee	RARE	Low	1	0	1	0
aiinl	RARE	Low	1	0	1	0
tap	RARE	Low	1	0	1	0
cfhy	RARE	Low	1	1	0	0
ache	RARE	Low	1	1	0	0
e?	RARE	Low	2	0	2	0
qotched	RARE	Low	2	2	0	0
qotaii	RARE	Low	1	0	1	0
tchcs	RARE	Low	1	0	1	0
ykeeeo	RARE	Low	1	1	0	0
shdcs	RARE	Low	1	0	1	0
alksh	RARE	Low	1	0	1	0
shodai	RARE	Low	2	1	1	0
alkch	RARE	Low	2	1	1	0
qopchee	RARE	Low	1	0	1	0
oeeed	RARE	Low	2	1	1	0
tcheod	RARE	Low	1	0	1	0
eokaii	RARE	Low	1	1	0	0
oalshs	RARE	Low	1	1	0	0
pchocpheos	RARE	Low	1	1	0	0
eeckho	RARE	Low	1	1	0	0
cpheck	RARE	Low	2	2	0	0
heok	RARE	Low	1	1	0	0
heck	RARE	Low	1	1	0	0
teeod	RARE	Low	1	0	1	0
sheods	RARE	Low	1	1	0	0
sheee	RARE	Low	1	1	0	0
qoeeeet	RARE	Low	1	1	0	0
ochepch	RARE	Low	1	0	1	0
qocths	RARE	Low	1	0	1	0
cthos	RARE	Low	3	1	2	0
olchy	RARE	Low	1	0	1	0
qotechoep	RARE	Low	1	0	1	0
eog	RARE	Low	1	1	0	0
qosche	RARE	Low	1	0	1	0
epche	RARE	Low	2	2	0	0
tcheo	RARE	Low	1	0	1	0
atolg	RARE	Low	1	0	1	0
ksho	RARE	Low	2	0	2	0
araiin	RARE	Low	1	0	1	0
otorchet	RARE	Low	1	1	0	0
orsheo	RARE	Low	1	0	1	0
ole	RARE	Low	1	0	1	0
eom	RARE	Low	1	1	0	0
otyda	RARE	Low	1	0	1	0
oaiph	RARE	Low	1	0	1	0
orchols	RARE	Low	1	0	1	0
ofyskyd	RARE	Low	1	0	1	0
ofaldo	RARE	Low	1	0	1	0
oeea	RARE	Low	2	0	2	0
qoeke	RARE	Low	2	1	1	0
okoly	RARE	Low	1	0	1	0
oshck	RARE	Low	1	0	1	0
okearche	RARE	Low	1	0	1	0
osholda	RARE	Low	1	0	1	0
opyk	RARE	Low	1	0	1	0
qokeo	RARE	Low	1	0	1	0
oairs	RARE	Low	1	0	1	0
aramd	RARE	Low	1	0	1	0
otydar	RARE	Low	1	0	1	0
otdor	RARE	Low	1	0	1	0
ararda	RARE	Low	1	0	1	0
okchs	RARE	Low	1	0	1	0
ararchod	RARE	Low	1	0	1	0
qopchol	RARE	Low	1	0	1	0
eam	RARE	Low	2	2	0	0
qoeai	RARE	Low	1	1	0	0
eocph	RARE	Low	1	1	0	0
oait	RARE	Low	1	0	1	0
qoaik	RARE	Low	1	0	1	0
tae	RARE	Low	1	1	0	0
kocf	RARE	Low	1	1	0	0
ydarar	RARE	Low	1	0	1	0
dcph	RARE	Low	1	1	0	0
odor	RARE	Low	1	0	1	0
opchos	RARE	Low	1	0	1	0
cphoeed	RARE	Low	1	1	0	0
olchsyckhe	RARE	Low	1	0	1	0
okcheeg	RARE	Low	1	0	1	0
opcharo	RARE	Low	1	0	1	0
orech	RARE	Low	1	0	1	0
qoda	RARE	Low	2	0	2	0
otolfcho	RARE	Low	1	0	1	0
keop	RARE	Low	1	0	1	0
coek	RARE	Low	1	1	0	0
eoef	RARE	Low	1	0	1	0
okeeeo	RARE	Low	2	0	2	0
eeeok	RARE	Low	1	0	1	0
aimo	RARE	Low	1	0	1	0
eea	RARE	Low	3	2	1	0
eeoke	RARE	Low	2	0	2	0
ofak	RARE	Low	1	0	1	0
tare	RARE	Low	1	0	1	0
otolar	RARE	Low	1	0	1	0
archeo	RARE	Low	1	0	1	0
okaro	RARE	Low	1	1	0	0
qopd	RARE	Low	3	0	3	0
kodai	RARE	Low	1	0	1	0
ydar	RARE	Low	1	0	1	0
opcheedo	RARE	Low	1	0	1	0
eai	RARE	Low	1	0	1	0
?eo	RARE	Low	1	0	1	0
opod	RARE	Low	1	0	1	0
aram	RARE	Low	1	0	1	0
oefsh	RARE	Low	1	0	1	0
sheoepo	RARE	Low	1	1	0	0
aike	RARE	Low	1	0	1	0
tche	RARE	Low	2	1	1	0
keoda	RARE	Low	1	1	0	0
airai	RARE	Low	2	0	2	0
opaloiir	RARE	Low	1	0	1	0
s??o	RARE	Low	1	0	1	0
arek	RARE	Low	1	0	1	0
okoral	RARE	Low	1	0	1	0
otoik	RARE	Low	1	0	1	0
opols	RARE	Low	1	0	1	0
eokch	RARE	Low	1	1	0	0
osheok	RARE	Low	1	1	0	0
orsho	RARE	Low	1	0	1	0
eoc	RARE	Low	1	1	0	0
okalda	RARE	Low	1	0	1	0
olcho	RARE	Low	1	0	1	0
keeyct	RARE	Low	1	0	1	0
oeeor	RARE	Low	1	0	1	0
arala	RARE	Low	1	0	1	0
kars	RARE	Low	1	1	0	0
pych	RARE	Low	1	1	0	0
okach	RARE	Low	1	0	1	0
oryd	RARE	Low	1	0	1	0
okeoschso	RARE	Low	1	0	1	0
oealch	RARE	Low	1	0	1	0
cphdait	RARE	Low	1	0	1	0
qocfh	RARE	Low	1	0	1	0
ofched	RARE	Low	3	2	1	0
ikheeo	RARE	Low	1	0	1	0
shche	RARE	Low	1	0	1	0
eey	RARE	Low	2	1	1	0
qke	RARE	Low	3	3	0	0
cfheo	RARE	Low	2	1	1	0
qeke	RARE	Low	3	2	1	0
etodaith	RARE	Low	1	1	0	0
qoteche	RARE	Low	1	0	1	0
cthodai	RARE	Low	1	0	1	0
eeok	RARE	Low	3	1	2	0
qkh	RARE	Low	2	0	2	0
eeocth	RARE	Low	1	0	1	0
tshe	RARE	Low	1	0	1	0
otolsheeo	RARE	Low	1	1	0	0
octhodal	RARE	Low	1	0	1	0
opalefo	RARE	Low	1	0	1	0
oepchksh	RARE	Low	1	1	0	0
ofchos	RARE	Low	1	0	1	0
cthosh	RARE	Low	1	1	0	0
kchdg	RARE	Low	1	1	0	0
ocheod	RARE	Low	1	1	0	0
osshe	RARE	Low	1	0	1	0
qoshocp	RARE	Low	1	0	1	0
cthog	RARE	Low	1	1	0	0
shok	RARE	Low	1	0	1	0
oteoc	RARE	Low	1	0	1	0
odaiin	RARE	Low	1	1	0	0
qochoit	RARE	Low	1	0	1	0
eqok	RARE	Low	1	1	0	0
eeoldai	RARE	Low	1	0	1	0
sheog	RARE	Low	1	0	1	0
odeeeeod	RARE	Low	1	0	1	0
qopched	RARE	Low	3	0	3	0
karo	RARE	Low	1	1	0	0
oxockh	RARE	Low	1	1	0	0
opchaik	RARE	Low	1	0	1	0
oteeda	RARE	Low	1	0	1	0
pchdai	RARE	Low	1	0	1	0
ckhyf	RARE	Low	1	1	0	0
okees	RARE	Low	4	1	3	0
okedyte	RARE	Low	1	0	1	0
arcs	RARE	Low	1	0	1	0
eky	RARE	Low	1	0	1	0
cthoep	RARE	Low	1	1	0	0
oeks	RARE	Low	1	0	1	0
oyf	RARE	Low	1	0	1	0
alfshe	RARE	Low	1	1	0	0
akar	RARE	Low	1	0	1	0
sheeos	RARE	Low	1	1	0	0
ctheod	RARE	Low	2	2	0	0
hoct	RARE	Low	1	1	0	0
echee	RARE	Low	1	0	1	0
okocf	RARE	Low	1	1	0	0
sheoa	RARE	Low	1	0	1	0
qoepshe	RARE	Low	1	0	1	0
saraso	RARE	Low	1	0	1	0
teodo	RARE	Low	1	0	1	0
eoteo	RARE	Low	1	0	1	0
hee	RARE	Low	2	2	0	0
eekeo	RARE	Low	1	1	0	0
okoramog	RARE	Low	1	0	1	0
aros	RARE	Low	2	0	2	0
hor	RARE	Low	1	1	0	0
oor	RARE	Low	1	0	1	0
teol	RARE	Low	2	0	2	0
opsho	RARE	Low	1	0	1	0
oteoef	RARE	Low	1	0	1	0
qotocth	RARE	Low	1	1	0	0
qkor	RARE	Low	1	0	1	0
oeksa	RARE	Low	1	0	1	0
olsas	RARE	Low	1	1	0	0
ools	RARE	Low	1	0	1	0
esek	RARE	Low	1	1	0	0
otaram	RARE	Low	1	0	1	0
qkol	RARE	Low	1	0	1	0
qkhol	RARE	Low	1	0	1	0
otock	RARE	Low	1	0	1	0
oeeesar	RARE	Low	1	0	1	0
otols	RARE	Low	1	0	1	0
osar	RARE	Low	1	0	1	0
eecho	RARE	Low	1	1	0	0
arolal	RARE	Low	1	0	1	0
oqoee	RARE	Low	1	0	1	0
rala	RARE	Low	1	0	1	0
oralol	RARE	Low	1	0	1	0
okoldal	RARE	Low	1	0	1	0
oleear	RARE	Low	1	0	1	0
osarosh	RARE	Low	1	1	0	0
ochorcf	RARE	Low	1	0	1	0
osaro	RARE	Low	1	0	1	0
akoct	RARE	Low	1	0	1	0
qocpheeck	RARE	Low	1	1	0	0
cthdaoto	RARE	Low	1	1	0	0
qeo	RARE	Low	1	0	1	0
cthso	RARE	Low	1	1	0	0
eeamsh	RARE	Low	1	0	1	0
orea	RARE	Low	1	0	1	0
chodyche	RARE	Low	1	1	0	0
oreso	RARE	Low	1	0	1	0
alcf	RARE	Low	1	0	1	0
cckh	RARE	Low	1	1	0	0
aiich	RARE	Low	1	0	1	0
qkee	RARE	Low	1	1	0	0
eeso	RARE	Low	1	1	0	0
kchoch	RARE	Low	1	1	0	0
cthdeect	RARE	Low	1	1	0	0
eocp	RARE	Low	3	3	0	0
omo	RARE	Low	1	1	0	0
eeoseeo	RARE	Low	1	1	0	0
olkche	RARE	Low	2	2	0	0
olct	RARE	Low	1	0	1	0
ockhh	RARE	Low	1	1	0	0
oraloal	RARE	Low	1	0	1	0
araro	RARE	Low	2	0	2	0
qp	RARE	Low	1	0	1	0
cpheoct	RARE	Low	1	1	0	0
etolcthe	RARE	Low	1	0	1	0
ctheea	RARE	Low	1	1	0	0
teeol	RARE	Low	1	0	1	0
qotoii	RARE	Low	1	0	1	0
aisi	RARE	Low	1	0	1	0
pchol	RARE	Low	2	0	2	0
pho?o	RARE	Low	1	0	1	0
aiiol	RARE	Low	1	0	1	0
otala	RARE	Low	1	0	1	0
ytol	RARE	Low	1	0	1	0
cphey	RARE	Low	1	0	1	0
orolod	RARE	Low	1	0	1	0
qekeol	RARE	Low	1	1	0	0
tolaii	RARE	Low	1	0	1	0
a?	RARE	Low	1	0	1	0
eteey	RARE	Low	1	1	0	0
ctheockhosho	RARE	Low	1	1	0	0
ordo	RARE	Low	2	0	2	0
otodeeod	RARE	Low	1	0	1	0
ctheol	RARE	Low	1	1	0	0
oraroeke	RARE	Low	1	0	1	0
orolal	RARE	Low	1	0	1	0
qoor	RARE	Low	1	0	1	0
orsheol	RARE	Low	1	0	1	0
oleod	RARE	Low	1	0	1	0
ards	RARE	Low	1	0	1	0
olcfh	RARE	Low	1	0	1	0
oeoea	RARE	Low	1	0	1	0
efol	RARE	Low	1	1	0	0
oss	RARE	Low	1	0	1	0
opolko	RARE	Low	1	0	1	0
qooch	RARE	Low	1	1	0	0
keky	RARE	Low	1	1	0	0
ockha	RARE	Low	1	0	1	0
e?d?lo	RARE	Low	1	0	1	0
o??s	RARE	Low	1	0	1	0
a??l?	RARE	Low	1	0	1	0
oefchocp	RARE	Low	1	1	0	0
keockh	RARE	Low	1	1	0	0
qyo	RARE	Low	1	1	0	0
qkeeo	RARE	Low	1	0	1	0
oldaro	RARE	Low	1	0	1	0
odalydar	RARE	Low	1	0	1	0
orshol	RARE	Low	1	1	0	0
okoro	RARE	Low	1	0	1	0
rod	RARE	Low	1	0	1	0
odeesho	RARE	Low	1	1	0	0
oeoik	RARE	Low	1	0	1	0
aiee	RARE	Low	1	0	1	0
otolk	RARE	Low	1	0	1	0
oika	RARE	Low	1	0	1	0
okeeor	RARE	Low	1	0	1	0
okock	RARE	Low	1	0	1	0
e???d	RARE	Low	1	0	1	0
koe	RARE	Low	1	1	0	0
oiisal	RARE	Low	1	0	1	0
por	RARE	Low	1	0	1	0
opchytc	RARE	Low	1	0	1	0
ockhs	RARE	Low	1	0	1	0
ekche	RARE	Low	1	0	1	0
aikhek	RARE	Low	1	0	1	0
opchdar	RARE	Low	1	0	1	0
orockh	RARE	Low	1	1	0	0
sea	RARE	Low	1	1	0	0
teechyp	RARE	Low	1	0	1	0
cphh	RARE	Low	1	1	0	0
alok	RARE	Low	1	0	1	0
qois	RARE	Low	1	0	1	0
adch	RARE	Low	1	1	0	0
ofcho	RARE	Low	1	0	1	0
okeedar	RARE	Low	1	0	1	0
eols	RARE	Low	2	1	1	0
aikhyk	RARE	Low	1	0	1	0
efh	RARE	Low	1	1	0	0
kl	RARE	Low	2	0	2	0
qood	RARE	Low	1	0	1	0
cheed	RARE	Low	1	0	1	0
cholkch	RARE	Low	1	0	1	0
oteeyks	RARE	Low	1	0	1	0
eedal	RARE	Low	1	0	1	0
cheg	RARE	Low	1	1	0	0
eodai	RARE	Low	2	2	0	0
etsho	RARE	Low	1	1	0	0
opcheal	RARE	Low	1	0	1	0
okeedak	RARE	Low	1	0	1	0
cheal	RARE	Low	1	0	1	0
aikh	RARE	Low	2	0	2	0
okeeylch	RARE	Low	1	0	1	0
otaryl	RARE	Low	1	0	1	0
dp	RARE	Low	2	1	1	0
qcph	RARE	Low	1	0	1	0
eeolsh	RARE	Low	1	0	1	0
it	RARE	Low	1	0	1	0
eedar	RARE	Low	1	1	0	0
qosh	RARE	Low	1	1	0	0
edacp	RARE	Low	1	1	0	0
echo	RARE	Low	1	0	1	0
eocka	RARE	Low	1	1	0	0
qoteod	RARE	Low	2	0	2	0
keech	RARE	Low	3	2	1	0
eech	RARE	Low	3	1	2	0
ocheoith	RARE	Low	1	1	0	0
qoep	RARE	Low	1	1	0	0
keesh	RARE	Low	3	3	0	0
yte	RARE	Low	1	1	0	0
opai	RARE	Low	7	0	7	0
eeka	RARE	Low	2	2	0	0
llo	RARE	Low	1	1	0	0
alkee	RARE	Low	3	2	1	0
arorsh	RARE	Low	1	1	0	0
arodl	RARE	Low	1	0	1	0
opcheocf	RARE	Low	1	0	1	0
otechs	RARE	Low	1	0	1	0
olx	RARE	Low	1	1	0	0
qochee	RARE	Low	1	0	1	0
qoti	RARE	Low	1	0	1	0
orche	RARE	Low	1	0	1	0
ofaiino	RARE	Low	1	0	1	0
oqock	RARE	Low	1	0	1	0
qoeed	RARE	Low	3	3	0	0
chdo	RARE	Low	1	0	1	0
oeeod	RARE	Low	1	0	1	0
chodl	RARE	Low	1	0	1	0
kched	RARE	Low	2	0	2	0
eeta	RARE	Low	1	1	0	0
qoeech	RARE	Low	1	1	0	0
cheolsh	RARE	Low	1	0	1	0
olksh	RARE	Low	2	2	0	0
otkch	RARE	Low	1	1	0	0
eokcheo	RARE	Low	1	1	0	0
aiiinro	RARE	Low	1	0	1	0
okaifh	RARE	Low	1	0	1	0
osair	RARE	Low	1	0	1	0
oefch	RARE	Low	1	1	0	0
orod	RARE	Low	1	0	1	0
otcheeo	RARE	Low	1	0	1	0
keeda	RARE	Low	1	1	0	0
oteedch	RARE	Low	1	1	0	0
qoeeda	RARE	Low	1	1	0	0
arais	RARE	Low	1	0	1	0
eeeod	RARE	Low	1	1	0	0
teee	RARE	Low	3	0	3	0
aiisock	RARE	Low	1	0	1	0
ede	RARE	Low	1	1	0	0
oes	RARE	Low	1	0	1	0
eso	RARE	Low	1	0	1	0
ll	RARE	Low	1	0	1	0
okeedd	RARE	Low	1	0	1	0
qlk	RARE	Low	1	0	1	0
sech	RARE	Low	1	0	1	0
okeeyte	RARE	Low	1	0	1	0
kchoke	RARE	Low	1	1	0	0
lk	RARE	Low	3	0	3	0
aeeod	RARE	Low	1	0	1	0
paiik	RARE	Low	1	1	0	0
aiiil	RARE	Low	1	0	1	0
chse	RARE	Low	1	0	1	0
eolkar	RARE	Low	1	0	1	0
cphees	RARE	Low	1	1	0	0
okeeodai	RARE	Low	1	0	1	0
eeolte	RARE	Low	1	1	0	0
otoii	RARE	Low	1	0	1	0
opched	RARE	Low	5	0	5	0
pched	RARE	Low	1	1	0	0
eshe	RARE	Low	1	0	1	0
oteodai	RARE	Low	1	0	1	0
qoed	RARE	Low	4	3	1	0
orchs	RARE	Low	1	0	1	0
okail	RARE	Low	1	0	1	0
opcheo	RARE	Low	1	0	1	0
aiii	RARE	Low	2	0	2	0
pches	RARE	Low	1	1	0	0
opchedd	RARE	Low	1	0	1	0
ook	RARE	Low	1	0	1	0
okairo	RARE	Low	1	0	1	0
ckhoda	RARE	Low	1	1	0	0
hdd	RARE	Low	1	1	0	0
aiish	RARE	Low	1	0	1	0
alkai	RARE	Low	1	0	1	0
aiiiolk	RARE	Low	1	0	1	0
qopchs	RARE	Low	1	0	1	0
okaix	RARE	Low	1	0	1	0
eotd	RARE	Low	1	1	0	0
qoekeeyke	RARE	Low	1	1	0	0
aiik	RARE	Low	1	0	1	0
cholk	RARE	Low	5	0	5	0
arad	RARE	Low	1	0	1	0
chedyp	RARE	Low	1	0	1	0
alfo	RARE	Low	1	0	1	0
ofaii	RARE	Low	1	0	1	0
aifh	RARE	Low	1	0	1	0
eeodee	RARE	Low	1	1	0	0
arx	RARE	Low	1	0	1	0
qopcheo	RARE	Low	3	0	3	0
orkch	RARE	Low	1	0	1	0
otaiil	RARE	Low	1	0	1	0
oald	RARE	Low	1	0	1	0
otoke	RARE	Low	1	1	0	0
opair	RARE	Low	1	0	1	0
aiphh	RARE	Low	1	1	0	0
qoeede	RARE	Low	1	1	0	0
qotedai	RARE	Low	1	0	1	0
aporai	RARE	Low	1	0	1	0
okcheeo	RARE	Low	1	0	1	0
aish	RARE	Low	1	0	1	0
ydai	RARE	Low	1	0	1	0
oef	RARE	Low	2	2	0	0
otshe	RARE	Low	2	1	1	0
orcheo	RARE	Low	2	0	2	0
orkchs	RARE	Low	1	0	1	0
qoteedo	RARE	Low	1	1	0	0
okeedai	RARE	Low	1	0	1	0
qocheo	RARE	Low	1	0	1	0
shoai	RARE	Low	1	0	1	0
qotok	RARE	Low	2	2	0	0
chg	RARE	Low	2	0	2	0
odaro	RARE	Low	1	0	1	0
oteeolch	RARE	Low	1	0	1	0
qotchor	RARE	Low	1	0	1	0
ear	RARE	Low	2	1	1	0
kchedar	RARE	Low	1	1	0	0
cheoko	RARE	Low	1	1	0	0
eeorf	RARE	Low	1	1	0	0
arolch	RARE	Low	1	0	1	0
aiiik	RARE	Low	1	0	1	0
qotedar	RARE	Low	1	0	1	0
akai	RARE	Low	1	0	1	0
cheorsho	RARE	Low	1	1	0	0
sheodalo	RARE	Low	1	1	0	0
okshch	RARE	Low	1	0	1	0
otara	RARE	Low	2	0	2	0
otaiik	RARE	Low	1	0	1	0
dalkai	RARE	Low	1	1	0	0
sheda	RARE	Low	1	1	0	0
opaiir	RARE	Low	1	0	1	0
eoto	RARE	Low	1	0	1	0
eolsh	RARE	Low	1	1	0	0
olkai	RARE	Low	2	0	2	0
qed	RARE	Low	1	0	1	0
shodalo	RARE	Low	1	0	1	0
okchar	RARE	Low	1	0	1	0
eolchd	RARE	Low	1	0	1	0
dykair	RARE	Low	1	0	1	0
okaif	RARE	Low	1	0	1	0
oinysarx	RARE	Low	1	0	1	0
pod	RARE	Low	1	0	1	0
alod	RARE	Low	2	0	2	0
yoal	RARE	Low	1	0	1	0
odk	RARE	Low	2	0	2	0
soi	RARE	Low	1	0	1	0
chdl	RARE	Low	1	0	1	0
okeesod	RARE	Low	1	0	1	0
otokcho	RARE	Low	1	0	1	0
okirolc	RARE	Low	1	0	1	0
dykch	RARE	Low	1	1	0	0
olchl	RARE	Low	1	0	1	0
olshos	RARE	Low	1	1	0	0
qeeo	RARE	Low	1	1	0	0
oalos	RARE	Low	1	0	1	0
alchk	RARE	Low	1	0	1	0
okilche	RARE	Low	1	0	1	0
aiiso	RARE	Low	1	0	1	0
otii	RARE	Low	1	0	1	0
aiiikh	RARE	Low	1	1	0	0
alx	RARE	Low	1	0	1	0
okr	RARE	Low	1	0	1	0
aldai	RARE	Low	1	0	1	0
otlchd	RARE	Low	1	0	1	0
oki	RARE	Low	1	1	0	0
aif	RARE	Low	2	0	2	0
aitht	RARE	Low	1	0	1	0
otail	RARE	Low	1	0	1	0
kii	RARE	Low	1	0	1	0
olcheolk	RARE	Low	1	1	0	0
qopchcf	RARE	Low	1	0	1	0
ockhe	RARE	Low	2	2	0	0
arair	RARE	Low	1	0	1	0
aiiral	RARE	Low	1	0	1	0
akaiik	RARE	Low	1	0	1	0
aolk	RARE	Low	1	0	1	0
olkee	RARE	Low	3	3	0	0
yai	RARE	Low	1	0	1	0
kchal	RARE	Low	1	0	1	0
eokal	RARE	Low	1	1	0	0
aie	RARE	Low	1	0	1	0
eeed	RARE	Low	2	1	1	0
okeeolkch	RARE	Low	1	0	1	0
okeot	RARE	Low	1	0	1	0
eodee	RARE	Low	1	1	0	0
qopchet	RARE	Low	1	0	1	0
okchdp	RARE	Low	1	0	1	0
odashx	RARE	Low	1	0	1	0
opas	RARE	Low	1	0	1	0
kedsh	RARE	Low	1	1	0	0
okcheef	RARE	Low	1	0	1	0
qetch	RARE	Low	2	0	2	0
cheokai	RARE	Low	1	1	0	0
csedl	RARE	Low	1	1	0	0
allke	RARE	Low	1	1	0	0
orcheor	RARE	Low	1	1	0	0
arolk	RARE	Low	2	0	2	0
okeolk	RARE	Low	1	0	1	0
alka	RARE	Low	1	0	1	0
ychor	RARE	Low	1	1	0	0
eykeee	RARE	Low	1	0	1	0
eesho	RARE	Low	1	0	1	0
oolal	RARE	Low	1	0	1	0
edalk	RARE	Low	1	1	0	0
edarx	RARE	Low	1	0	1	0
kedee	RARE	Low	1	1	0	0
edke	RARE	Low	1	1	0	0
otes	RARE	Low	1	0	1	0
shedk	RARE	Low	1	1	0	0
keealk	RARE	Low	1	1	0	0
opshol	RARE	Low	1	0	1	0
ofaram	RARE	Low	1	0	0	1
eeda	RARE	Low	2	1	1	0
olkeed	RARE	Low	1	1	0	0
eykech	RARE	Low	1	1	0	0
cheee	RARE	Low	1	0	1	0
eckhe	RARE	Low	2	2	0	0
okeear	RARE	Low	1	0	1	0
eeolch	RARE	Low	1	1	0	0
aiip	RARE	Low	1	0	1	0
etals	RARE	Low	1	1	0	0
eeks	RARE	Low	1	0	1	0
otched	RARE	Low	3	0	3	0
oteolai	RARE	Low	1	0	1	0
qosheo	RARE	Low	1	1	0	0
keeeo	RARE	Low	1	1	0	0
oteodo	RARE	Low	1	0	1	0
cheoek	RARE	Low	1	1	0	0
yde	RARE	Low	1	0	1	0
eoty	RARE	Low	1	1	0	0
eesh	RARE	Low	1	0	1	0
qoir	RARE	Low	1	0	1	0
sheeot	RARE	Low	1	0	1	0
chech	RARE	Low	1	1	0	0
qoeeeo	RARE	Low	1	1	0	0
kedlk	RARE	Low	1	1	0	0
oteoi	RARE	Low	1	0	1	0
oteeolk	RARE	Low	1	1	0	0
edyteok	RARE	Low	1	1	0	0
eolked	RARE	Low	1	1	0	0
okeees	RARE	Low	1	0	1	0
olkeeo	RARE	Low	1	1	0	0
ih	RARE	Low	1	0	1	0
opcheodai	RARE	Low	1	0	1	0
okedai	RARE	Low	1	1	0	0
alolsh	RARE	Low	1	1	0	0
edait	RARE	Low	1	1	0	0
qochd	RARE	Low	1	0	1	0
olan	RARE	Low	1	0	1	0
alpchd	RARE	Low	1	0	1	0
eain	RARE	Low	1	0	1	0
ama	RARE	Low	1	0	1	0
shek	RARE	Low	1	1	0	0
karsh	RARE	Low	1	0	1	0
qopchai	RARE	Low	1	0	1	0
akch	RARE	Low	1	1	0	0
opchd	RARE	Low	3	0	3	0
all	RARE	Low	1	0	1	0
opom	RARE	Low	1	0	1	0
amch	RARE	Low	1	0	1	0
qoeeea	RARE	Low	1	1	0	0
qair	RARE	Low	1	0	1	0
cholke	RARE	Low	1	1	0	0
okchoi	RARE	Low	1	0	1	0
arain	RARE	Low	1	0	1	0
teok	RARE	Low	1	0	1	0
ogo	RARE	Low	1	0	1	0
oraryteop	RARE	Low	1	0	1	0
oteeg	RARE	Low	1	0	1	0
okaeech	RARE	Low	1	0	1	0
oi?	RARE	Low	1	0	1	0
otalai	RARE	Low	1	0	1	0
eaik	RARE	Low	1	0	1	0
cheok	RARE	Low	1	1	0	0
oeeek	RARE	Low	1	0	1	0
eei	RARE	Low	1	1	0	0
eeedee	RARE	Low	1	0	1	0
qoteos	RARE	Low	1	0	1	0
qoeek	RARE	Low	1	0	1	0
opcheeo	RARE	Low	1	0	1	0
eodar	RARE	Low	1	0	1	0
ooee	RARE	Low	1	0	1	0
opalch	RARE	Low	1	0	1	0
alpch	RARE	Low	1	0	1	0
amd	RARE	Low	1	0	1	0
chesf	RARE	Low	1	1	0	0
alog	RARE	Low	1	0	1	0
choso	RARE	Low	2	0	2	0
iir	RARE	Low	1	0	1	0
keche	RARE	Low	1	1	0	0
kcheo	RARE	Low	3	3	0	0
klche	RARE	Low	1	1	0	0
cphoit	RARE	Low	1	1	0	0
hy	RARE	Low	1	1	0	0
keoes	RARE	Low	1	1	0	0
pchsh	RARE	Low	1	1	0	0
oti	RARE	Low	1	0	1	0
okh	RARE	Low	1	0	1	0
alshs	RARE	Low	1	1	0	0
otshs	RARE	Low	1	0	1	0
cheock	RARE	Low	1	1	0	0
qofshe	RARE	Low	1	1	0	0
qopo	RARE	Low	2	0	2	0
cthara	RARE	Low	1	1	0	0
cseeo	RARE	Low	1	1	0	0
chodairo	RARE	Low	1	0	1	0
choarors	RARE	Low	1	0	1	0
oloraro	RARE	Low	1	0	1	0
eykeeo	RARE	Low	1	1	0	0
samok	RARE	Low	1	1	0	0
chocthe	RARE	Low	1	1	0	0
qeeee	RARE	Low	1	1	0	0
eodoiid	RARE	Low	1	0	1	0
chesh	RARE	Low	1	1	0	0
chealai	RARE	Low	1	1	0	0
okesho	RARE	Low	1	0	1	0
otcheed	RARE	Low	1	0	1	0
ychd	RARE	Low	1	1	0	0
cheepch	RARE	Low	1	1	0	0
okalche	RARE	Low	1	0	1	0
pkcheo	RARE	Low	1	1	0	0
aithch	RARE	Low	1	0	1	0
oshox	RARE	Low	1	0	1	0
oph	RARE	Low	1	1	0	0
olsais	RARE	Low	1	1	0	0
oteche	RARE	Low	1	1	0	0
otcheypch	RARE	Low	1	0	1	0
otorsh	RARE	Low	1	1	0	0
aloi	RARE	Low	1	0	1	0
otake	RARE	Low	1	0	1	0
oiro	RARE	Low	1	0	1	0
keeed	RARE	Low	1	1	0	0
deech	RARE	Low	1	1	0	0
okched	RARE	Low	3	0	3	0
ofchedaii	RARE	Low	1	1	0	0
dairo	RARE	Low	1	1	0	0
dod	RARE	Low	1	0	1	0
edalo	RARE	Low	1	0	1	0
opailo	RARE	Low	1	0	1	0
kchesh	RARE	Low	1	1	0	0
otchedai	RARE	Low	1	0	1	0
opdair	RARE	Low	1	0	1	0
opdaildo	RARE	Low	1	0	1	0
eode	RARE	Low	1	0	1	0
aild	RARE	Low	1	0	1	0
chedo	RARE	Low	1	1	0	0
qope	RARE	Low	1	0	1	0
dypd	RARE	Low	1	1	0	0
airolch	RARE	Low	1	1	0	0
qcphh	RARE	Low	1	1	0	0
pee	RARE	Low	1	1	0	0
chedair	RARE	Low	1	1	0	0
oeai	RARE	Low	1	0	1	0
eedai	RARE	Low	1	1	0	0
aiisai	RARE	Low	1	0	1	0
eoltched	RARE	Low	1	1	0	0
oedai	RARE	Low	2	1	1	0
oqotoi	RARE	Low	1	0	1	0
oqoeeos	RARE	Low	1	0	1	0
qeood	RARE	Low	1	0	1	0
otda	RARE	Low	1	0	1	0
edcheo	RARE	Low	1	1	0	0
qepoep	RARE	Low	1	1	0	0
tedsh	RARE	Low	1	1	0	0
chedch	RARE	Low	1	1	0	0
orkchek	RARE	Low	1	0	1	0
oypsh	RARE	Low	1	1	0	0
oshsod	RARE	Low	1	0	1	0
kedck	RARE	Low	1	0	1	0
otoy	RARE	Low	1	0	1	0
eopcheo	RARE	Low	1	1	0	0
osheeo	RARE	Low	1	1	0	0
otchee	RARE	Low	1	0	1	0
ocphe	RARE	Low	1	1	0	0
qopair	RARE	Low	1	0	1	0
keal	RARE	Low	1	1	0	0
qoleech	RARE	Low	1	1	0	0
echeokeo	RARE	Low	1	0	1	0
qoched	RARE	Low	1	1	0	0
eopoltee	RARE	Low	1	1	0	0
oroii	RARE	Low	1	0	1	0
oech	RARE	Low	1	1	0	0
qockheo	RARE	Low	1	0	1	0
oraro	RARE	Low	1	0	1	0
ardy	RARE	Low	1	0	1	0
okeeeos	RARE	Low	1	0	1	0
qotote	RARE	Low	1	1	0	0
oloro	RARE	Low	1	0	1	0
qoolke	RARE	Low	1	1	0	0
airorl	RARE	Low	1	0	1	0
cpholror	RARE	Low	1	1	0	0
qotolch	RARE	Low	1	0	1	0
oteeedch	RARE	Low	1	1	0	0
arailch	RARE	Low	1	0	1	0
sheoar	RARE	Low	1	0	1	0
lsa	RARE	Low	1	0	1	0
arorochee	RARE	Low	1	0	1	0
dalk	RARE	Low	1	0	1	0
qopchedy	RARE	Low	1	0	1	0
chedyo	RARE	Low	1	0	1	0
echeo	RARE	Low	1	1	0	0
oran	RARE	Low	1	0	1	0
qors	RARE	Low	1	0	1	0
opolo	RARE	Low	1	0	1	0
qetd	RARE	Low	1	0	1	0
keeoch	RARE	Low	1	1	0	0
kcheod	RARE	Low	1	1	0	0
qt	RARE	Low	1	0	1	0
qotalch	RARE	Low	1	1	0	0
xo	RARE	Low	1	0	1	0
ral	RARE	Low	1	0	1	0
iirch	RARE	Low	1	0	1	0
opchep	RARE	Low	1	0	1	0
kaidarar	RARE	Low	1	1	0	0
otaino	RARE	Low	1	0	1	0
eealk	RARE	Low	1	0	1	0
qotoeet	RARE	Low	1	0	1	0
oip	RARE	Low	1	1	0	0
qopchy	RARE	Low	1	0	1	0
otot	RARE	Low	1	0	1	0
olaii	RARE	Low	1	0	1	0
q?t	RARE	Low	1	0	1	0
lor	RARE	Low	1	0	1	0
kan	RARE	Low	1	1	0	0
osheek	RARE	Low	1	1	0	0
aralar	RARE	Low	1	0	1	0
koloi	RARE	Low	1	0	1	0
okeolsh	RARE	Low	1	0	1	0
choet	RARE	Low	1	0	1	0
charal	RARE	Low	1	0	1	0
orchcth	RARE	Low	1	0	1	0
qotals	RARE	Low	1	1	0	0
challar	RARE	Low	1	0	1	0
alolf	RARE	Low	1	0	1	0
opcheka	RARE	Low	1	0	1	0
arsheg	RARE	Low	1	1	0	0
rsh	RARE	Low	1	1	0	0
eekl	RARE	Low	1	1	0	0
cheyl	RARE	Low	1	1	0	0
cpha	RARE	Low	1	1	0	0
yoke	RARE	Low	1	1	0	0
edkal	RARE	Low	1	1	0	0
okeola	RARE	Low	1	0	1	0
